{
  "type": "FeatureCollection",
  "features": [
    {
      "type": "Feature",
      "properties": { "pcode": "BD4561" },
      "geometry": {
        "type": "MultiPolygon",
        "coordinates": [
          [
            [
              [90.309918, 25.188267],
              [90.267737, 25.197922],
              [90.26398, 25.193346],
              [90.266122, 25.187965],
              [90.262008, 25.166755],
              [90.25888, 25.165198],
              [90.261708, 25.161611],
              [90.265896, 25.162048],
              [90.26427, 25.152609],
              [90.270496, 25.149308],
              [90.26826, 25.145964],
              [90.270012, 25.137524],
              [90.265552, 25.136895],
              [90.269034, 25.135246],
              [90.26436, 25.106937],
              [90.2669, 25.101674],
              [90.262467, 25.097942],
              [90.281571, 25.094524],
              [90.28108, 25.088143],
              [90.286793, 25.082429],
              [90.297036, 25.090837],
              [90.298711, 25.087609],
              [90.303824, 25.091858],
              [90.306407, 25.086371],
              [90.312396, 25.085103],
              [90.306928, 25.081801],
              [90.309455, 25.078447],
              [90.297069, 25.080955],
              [90.293575, 25.077358],
              [90.288889, 25.077873],
              [90.287072, 25.07332],
              [90.292161, 25.071769],
              [90.292472, 25.06791],
              [90.286378, 25.068229],
              [90.281526, 25.056994],
              [90.277748, 25.058268],
              [90.263974, 25.051495],
              [90.260519, 25.054461],
              [90.262794, 25.062286],
              [90.256178, 25.065466],
              [90.25143, 25.06214],
              [90.248636, 25.053111],
              [90.241185, 25.053738],
              [90.233299, 25.04292],
              [90.237471, 25.037697],
              [90.235237, 25.023579],
              [90.241062, 25.020896],
              [90.243181, 25.011695],
              [90.240253, 24.994725],
              [90.233171, 24.986535],
              [90.236828, 24.98503],
              [90.228531, 24.976063],
              [90.230495, 24.966745],
              [90.236713, 24.964098],
              [90.239063, 24.969768],
              [90.244409, 24.967447],
              [90.241799, 24.96237],
              [90.253958, 24.957809],
              [90.259107, 24.945922],
              [90.238264, 24.948506],
              [90.232978, 24.945845],
              [90.236974, 24.933955],
              [90.247376, 24.926462],
              [90.239283, 24.902407],
              [90.241371, 24.89673],
              [90.233814, 24.887358],
              [90.224859, 24.883471],
              [90.191876, 24.885935],
              [90.191793, 24.882754],
              [90.202121, 24.879893],
              [90.200368, 24.876007],
              [90.197599, 24.878106],
              [90.193039, 24.872908],
              [90.191131, 24.866008],
              [90.182856, 24.866055],
              [90.183487, 24.863704],
              [90.197654, 24.865408],
              [90.195722, 24.861926],
              [90.200953, 24.859181],
              [90.186508, 24.854872],
              [90.189115, 24.851724],
              [90.188583, 24.842944],
              [90.181137, 24.840713],
              [90.1848, 24.831131],
              [90.191009, 24.829206],
              [90.186886, 24.825635],
              [90.182223, 24.828822],
              [90.169953, 24.828008],
              [90.160389, 24.813022],
              [90.16287, 24.806478],
              [90.159385, 24.80365],
              [90.160275, 24.793289],
              [90.144998, 24.7902],
              [90.141381, 24.779905],
              [90.135802, 24.779188],
              [90.134779, 24.782695],
              [90.122565, 24.789612],
              [90.118643, 24.786218],
              [90.11382, 24.7885],
              [90.11231, 24.78366],
              [90.103407, 24.782257],
              [90.091588, 24.790797],
              [90.077697, 24.787087],
              [90.093313, 24.768522],
              [90.093616, 24.758168],
              [90.09926, 24.756602],
              [90.095265, 24.756239],
              [90.097871, 24.752555],
              [90.090671, 24.751694],
              [90.092037, 24.736695],
              [90.130439, 24.737958],
              [90.135692, 24.733471],
              [90.129024, 24.716999],
              [90.137104, 24.700401],
              [90.134717, 24.691042],
              [90.142962, 24.680046],
              [90.145056, 24.65525],
              [90.151607, 24.649425],
              [90.149581, 24.643031],
              [90.152411, 24.633992],
              [90.148087, 24.623154],
              [90.143227, 24.623197],
              [90.139223, 24.614998],
              [90.134978, 24.616338],
              [90.13395, 24.601855],
              [90.130068, 24.595114],
              [90.144328, 24.575992],
              [90.155744, 24.574044],
              [90.151041, 24.567817],
              [90.159207, 24.545241],
              [90.163248, 24.537151],
              [90.170789, 24.537817],
              [90.176662, 24.518273],
              [90.186978, 24.523228],
              [90.194016, 24.514601],
              [90.210353, 24.509833],
              [90.204208, 24.503097],
              [90.207329, 24.498159],
              [90.21577, 24.499427],
              [90.228666, 24.484055],
              [90.23543, 24.484423],
              [90.237092, 24.48758],
              [90.246054, 24.482121],
              [90.226478, 24.469996],
              [90.224903, 24.463766],
              [90.21216, 24.463322],
              [90.212057, 24.457047],
              [90.21352, 24.451529],
              [90.220653, 24.449097],
              [90.222191, 24.434986],
              [90.232404, 24.420436],
              [90.241813, 24.414345],
              [90.248664, 24.416224],
              [90.229881, 24.346915],
              [90.234173, 24.335083],
              [90.248287, 24.333428],
              [90.247703, 24.326405],
              [90.257821, 24.305942],
              [90.257162, 24.297058],
              [90.264194, 24.28882],
              [90.280582, 24.28757],
              [90.286512, 24.27826],
              [90.291523, 24.27779],
              [90.32374, 24.299184],
              [90.345499, 24.293159],
              [90.355677, 24.300745],
              [90.359803, 24.298026],
              [90.358351, 24.288295],
              [90.363783, 24.28126],
              [90.378119, 24.285111],
              [90.380155, 24.289966],
              [90.387432, 24.289007],
              [90.393392, 24.280335],
              [90.402627, 24.282239],
              [90.416629, 24.303433],
              [90.422204, 24.308218],
              [90.425793, 24.304812],
              [90.428624, 24.30941],
              [90.427019, 24.33175],
              [90.430034, 24.331358],
              [90.437808, 24.340124],
              [90.455183, 24.340951],
              [90.472037, 24.32914],
              [90.474869, 24.323611],
              [90.485725, 24.319591],
              [90.489159, 24.313506],
              [90.496089, 24.315285],
              [90.513853, 24.311781],
              [90.523191, 24.304228],
              [90.529488, 24.303294],
              [90.52138, 24.28706],
              [90.546896, 24.274744],
              [90.544598, 24.268254],
              [90.562871, 24.259027],
              [90.573514, 24.248045],
              [90.582386, 24.249152],
              [90.604007, 24.264719],
              [90.622866, 24.271586],
              [90.651297, 24.260889],
              [90.651552, 24.270757],
              [90.644093, 24.278922],
              [90.641754, 24.309156],
              [90.626343, 24.33464],
              [90.619421, 24.338862],
              [90.633611, 24.359089],
              [90.635738, 24.374057],
              [90.639007, 24.375219],
              [90.642871, 24.385275],
              [90.640775, 24.391396],
              [90.64803, 24.404831],
              [90.647903, 24.415846],
              [90.639649, 24.422663],
              [90.642166, 24.427087],
              [90.634755, 24.434],
              [90.588009, 24.445944],
              [90.584854, 24.453813],
              [90.579219, 24.456992],
              [90.575816, 24.46691],
              [90.57573, 24.482183],
              [90.583383, 24.485923],
              [90.583652, 24.494431],
              [90.604976, 24.499101],
              [90.61655, 24.495957],
              [90.631472, 24.480293],
              [90.637963, 24.481047],
              [90.637412, 24.476209],
              [90.648381, 24.478088],
              [90.650805, 24.474528],
              [90.658432, 24.474285],
              [90.664558, 24.467065],
              [90.678973, 24.466901],
              [90.682071, 24.47276],
              [90.679356, 24.480501],
              [90.683463, 24.481835],
              [90.685719, 24.4872],
              [90.681996, 24.491783],
              [90.682798, 24.501359],
              [90.70269, 24.514945],
              [90.705243, 24.512671],
              [90.704508, 24.498667],
              [90.708942, 24.498373],
              [90.710348, 24.493214],
              [90.715958, 24.490336],
              [90.717506, 24.478218],
              [90.722041, 24.470425],
              [90.723309, 24.474797],
              [90.729294, 24.476482],
              [90.735774, 24.485436],
              [90.74163, 24.496927],
              [90.742994, 24.508442],
              [90.752582, 24.502558],
              [90.757885, 24.512242],
              [90.793509, 24.508011],
              [90.791855, 24.518098],
              [90.796947, 24.518837],
              [90.798638, 24.527049],
              [90.803995, 24.530091],
              [90.80108, 24.53666],
              [90.803363, 24.544779],
              [90.806863, 24.543854],
              [90.806233, 24.538843],
              [90.808759, 24.539776],
              [90.810885, 24.546721],
              [90.808579, 24.548815],
              [90.814467, 24.556504],
              [90.80998, 24.56444],
              [90.820174, 24.573097],
              [90.822402, 24.580269],
              [90.820865, 24.586017],
              [90.816266, 24.585547],
              [90.817267, 24.580708],
              [90.814639, 24.579503],
              [90.807317, 24.584925],
              [90.808211, 24.57891],
              [90.799804, 24.577921],
              [90.79805, 24.574589],
              [90.793471, 24.57674],
              [90.796433, 24.583139],
              [90.791084, 24.581408],
              [90.789372, 24.583722],
              [90.796552, 24.592582],
              [90.794813, 24.604612],
              [90.784255, 24.607159],
              [90.776606, 24.615564],
              [90.775263, 24.607574],
              [90.758564, 24.60835],
              [90.761488, 24.623334],
              [90.757651, 24.635016],
              [90.741802, 24.635332],
              [90.73924, 24.648839],
              [90.728293, 24.648143],
              [90.728174, 24.652397],
              [90.724757, 24.652651],
              [90.720378, 24.648125],
              [90.701888, 24.667342],
              [90.698002, 24.676592],
              [90.704438, 24.687689],
              [90.702908, 24.689826],
              [90.707633, 24.691604],
              [90.701762, 24.700437],
              [90.694388, 24.699065],
              [90.697355, 24.705736],
              [90.695384, 24.713516],
              [90.702048, 24.717097],
              [90.709444, 24.730866],
              [90.719635, 24.728795],
              [90.725037, 24.732851],
              [90.722813, 24.744281],
              [90.716092, 24.744639],
              [90.714924, 24.751232],
              [90.693795, 24.757335],
              [90.697016, 24.76252],
              [90.694481, 24.769948],
              [90.700157, 24.77707],
              [90.704555, 24.775958],
              [90.709457, 24.768218],
              [90.717478, 24.769596],
              [90.72162, 24.774146],
              [90.717522, 24.78179],
              [90.704758, 24.786316],
              [90.711054, 24.795933],
              [90.708322, 24.800974],
              [90.686568, 24.799279],
              [90.681233, 24.8018],
              [90.677954, 24.799622],
              [90.670643, 24.802921],
              [90.669492, 24.798812],
              [90.659412, 24.793327],
              [90.647809, 24.791464],
              [90.642525, 24.799417],
              [90.625754, 24.795605],
              [90.623312, 24.802682],
              [90.612454, 24.8071],
              [90.609883, 24.813796],
              [90.601177, 24.809838],
              [90.597947, 24.81267],
              [90.584016, 24.812509],
              [90.58181, 24.822348],
              [90.575164, 24.814966],
              [90.56621, 24.812688],
              [90.566092, 24.818199],
              [90.579069, 24.825593],
              [90.585857, 24.837634],
              [90.589608, 24.835922],
              [90.589806, 24.84297],
              [90.581725, 24.845187],
              [90.575041, 24.837808],
              [90.566865, 24.841758],
              [90.569709, 24.850153],
              [90.567793, 24.855147],
              [90.573103, 24.856139],
              [90.568674, 24.860294],
              [90.56878, 24.871515],
              [90.572322, 24.873072],
              [90.56638, 24.877902],
              [90.567528, 24.886425],
              [90.542608, 24.885141],
              [90.53574, 24.890623],
              [90.533522, 24.896229],
              [90.539678, 24.899713],
              [90.538592, 24.905029],
              [90.54185, 24.907257],
              [90.538326, 24.916483],
              [90.53401, 24.917077],
              [90.536135, 24.922743],
              [90.534172, 24.927051],
              [90.539957, 24.933423],
              [90.544663, 24.933628],
              [90.545196, 24.937564],
              [90.536148, 24.943266],
              [90.526727, 24.942265],
              [90.5326, 24.951623],
              [90.528815, 24.953754],
              [90.527223, 24.950102],
              [90.517365, 24.945784],
              [90.517121, 24.950671],
              [90.513166, 24.953538],
              [90.5134, 24.962103],
              [90.517855, 24.975133],
              [90.524062, 24.980423],
              [90.517905, 24.977483],
              [90.513553, 24.979557],
              [90.512202, 24.987981],
              [90.504581, 24.985873],
              [90.506531, 24.996853],
              [90.503089, 24.998634],
              [90.503941, 25.00333],
              [90.493003, 25.004631],
              [90.495926, 25.011631],
              [90.503634, 25.015328],
              [90.504915, 25.018361],
              [90.501632, 25.020142],
              [90.507769, 25.022101],
              [90.50664, 25.018041],
              [90.509489, 25.019232],
              [90.510485, 25.030687],
              [90.513097, 25.031563],
              [90.518044, 25.024254],
              [90.525697, 25.031794],
              [90.534638, 25.014112],
              [90.543796, 25.010387],
              [90.544486, 25.026814],
              [90.535798, 25.028024],
              [90.533794, 25.033691],
              [90.536891, 25.036215],
              [90.546101, 25.032197],
              [90.548887, 25.041175],
              [90.553608, 25.041627],
              [90.553444, 25.04319],
              [90.552633, 25.044249],
              [90.552421, 25.044679],
              [90.552498, 25.044841],
              [90.558756, 25.045084],
              [90.557373, 25.037984],
              [90.565413, 25.033414],
              [90.57367, 25.036511],
              [90.587211, 25.028335],
              [90.593111, 25.036401],
              [90.597875, 25.029512],
              [90.609644, 25.030559],
              [90.604525, 25.032316],
              [90.608944, 25.036784],
              [90.603577, 25.039436],
              [90.606146, 25.048143],
              [90.611023, 25.050584],
              [90.605731, 25.05347],
              [90.614147, 25.055368],
              [90.611712, 25.061201],
              [90.605008, 25.063626],
              [90.605697, 25.066952],
              [90.607649, 25.064347],
              [90.610566, 25.067726],
              [90.60696, 25.074836],
              [90.603895, 25.07477],
              [90.590476, 25.060187],
              [90.59003, 25.069145],
              [90.596191, 25.077375],
              [90.588497, 25.084093],
              [90.598925, 25.091862],
              [90.601878, 25.096463],
              [90.600206, 25.099156],
              [90.606657, 25.105294],
              [90.601095, 25.10952],
              [90.604483, 25.112552],
              [90.603215, 25.11751],
              [90.608895, 25.122885],
              [90.606726, 25.127109],
              [90.614774, 25.132232],
              [90.614172, 25.138211],
              [90.608049, 25.140099],
              [90.615317, 25.14516],
              [90.615276, 25.152131],
              [90.620036, 25.15923],
              [90.617543, 25.160396],
              [90.616973, 25.177177],
              [90.61456, 25.173688],
              [90.609828, 25.178848],
              [90.604514, 25.174743],
              [90.589184, 25.176454],
              [90.586414, 25.173278],
              [90.565765, 25.173203],
              [90.564057, 25.170997],
              [90.554739, 25.171488],
              [90.551755, 25.17482],
              [90.518632, 25.17208],
              [90.509529, 25.175112],
              [90.510107, 25.169834],
              [90.499402, 25.171597],
              [90.499108, 25.168564],
              [90.485241, 25.160783],
              [90.450683, 25.151904],
              [90.449122, 25.144714],
              [90.441371, 25.144123],
              [90.41582, 25.152117],
              [90.405901, 25.159163],
              [90.370451, 25.162503],
              [90.345347, 25.178512],
              [90.3298, 25.193006],
              [90.316772, 25.192192],
              [90.309918, 25.188267]
            ]
          ]
        ]
      }
    },
    {
      "type": "Feature",
      "properties": { "pcode": "BD45610013" },
      "geometry": {
        "type": "MultiPolygon",
        "coordinates": [
          [
            [
              [90.277517, 24.479414],
              [90.272671, 24.479488],
              [90.272068, 24.481025],
              [90.270383, 24.480962],
              [90.26881, 24.480019],
              [90.267377, 24.477441],
              [90.261764, 24.473041],
              [90.258195, 24.47314],
              [90.256337, 24.471646],
              [90.254492, 24.472825],
              [90.252814, 24.472729],
              [90.252799, 24.468809],
              [90.255783, 24.462468],
              [90.254311, 24.457734],
              [90.254801, 24.452998],
              [90.252226, 24.450259],
              [90.247963, 24.441216],
              [90.23734, 24.442279],
              [90.234723, 24.443712],
              [90.2296, 24.443663],
              [90.223507, 24.448213],
              [90.220539, 24.448902],
              [90.221107, 24.447661],
              [90.220529, 24.443546],
              [90.221278, 24.443283],
              [90.222085, 24.435248],
              [90.224651, 24.43374],
              [90.22479, 24.431977],
              [90.226857, 24.430373],
              [90.227387, 24.427857],
              [90.231158, 24.421874],
              [90.234649, 24.418929],
              [90.239247, 24.41719],
              [90.241813, 24.414345],
              [90.246984, 24.415186],
              [90.248664, 24.416224],
              [90.246823, 24.405877],
              [90.234944, 24.366668],
              [90.229881, 24.346915],
              [90.230979, 24.342731],
              [90.234036, 24.338317],
              [90.234173, 24.335083],
              [90.242332, 24.332783],
              [90.248287, 24.333428],
              [90.248462, 24.331793],
              [90.247496, 24.330097],
              [90.247703, 24.326405],
              [90.249443, 24.323137],
              [90.254067, 24.318001],
              [90.257821, 24.305942],
              [90.257162, 24.297058],
              [90.258796, 24.294637],
              [90.260256, 24.294016],
              [90.26171, 24.290843],
              [90.262975, 24.290556],
              [90.264194, 24.28882],
              [90.270223, 24.288378],
              [90.271886, 24.28691],
              [90.274097, 24.287983],
              [90.276573, 24.287578],
              [90.277025, 24.286603],
              [90.277918, 24.287581],
              [90.280582, 24.28757],
              [90.280578, 24.285686],
              [90.281858, 24.28441],
              [90.285704, 24.283061],
              [90.284701, 24.281006],
              [90.28641, 24.28022],
              [90.286512, 24.27826],
              [90.288125, 24.278483],
              [90.288273, 24.277564],
              [90.291523, 24.27779],
              [90.29643, 24.279512],
              [90.300574, 24.284011],
              [90.305997, 24.286809],
              [90.310712, 24.29134],
              [90.315851, 24.293876],
              [90.318012, 24.293351],
              [90.319421, 24.296777],
              [90.32374, 24.299184],
              [90.33108, 24.29845],
              [90.339157, 24.293533],
              [90.345499, 24.293159],
              [90.347536, 24.295343],
              [90.348174, 24.294264],
              [90.348747, 24.295143],
              [90.34825, 24.295928],
              [90.353142, 24.299053],
              [90.352895, 24.300262],
              [90.355677, 24.300745],
              [90.356992, 24.299372],
              [90.358953, 24.299758],
              [90.358699, 24.298388],
              [90.359803, 24.298026],
              [90.358351, 24.288295],
              [90.362156, 24.285737],
              [90.363783, 24.28126],
              [90.367345, 24.281055],
              [90.378119, 24.285111],
              [90.380155, 24.289966],
              [90.382014, 24.288759],
              [90.385651, 24.289665],
              [90.387432, 24.289007],
              [90.393392, 24.280335],
              [90.401952, 24.282862],
              [90.402627, 24.282239],
              [90.404449, 24.283639],
              [90.405207, 24.286739],
              [90.408995, 24.290159],
              [90.40958, 24.294829],
              [90.417845, 24.304638],
              [90.422204, 24.308218],
              [90.42337, 24.30485],
              [90.4254, 24.304651],
              [90.426687, 24.305659],
              [90.426766, 24.308108],
              [90.428731, 24.309638],
              [90.42772, 24.316076],
              [90.426657, 24.31807],
              [90.427595, 24.321466],
              [90.426571, 24.324212],
              [90.427794, 24.327639],
              [90.426766, 24.331367],
              [90.430034, 24.331358],
              [90.436121, 24.339153],
              [90.437808, 24.340124],
              [90.444562, 24.340835],
              [90.449369, 24.340216],
              [90.453329, 24.341022],
              [90.457035, 24.340586],
              [90.460485, 24.338158],
              [90.4641, 24.332432],
              [90.466842, 24.331638],
              [90.46844, 24.330066],
              [90.472037, 24.32914],
              [90.475233, 24.325797],
              [90.474869, 24.323611],
              [90.478895, 24.32337],
              [90.479208, 24.321115],
              [90.485725, 24.319591],
              [90.486995, 24.316157],
              [90.489159, 24.313506],
              [90.494148, 24.313294],
              [90.496009, 24.315019],
              [90.496366, 24.319704],
              [90.492317, 24.323375],
              [90.491241, 24.330925],
              [90.492903, 24.336406],
              [90.499891, 24.345986],
              [90.499951, 24.352127],
              [90.496962, 24.353508],
              [90.496979, 24.357886],
              [90.491178, 24.360745],
              [90.490667, 24.366789],
              [90.486877, 24.373661],
              [90.481996, 24.37469],
              [90.479925, 24.37401],
              [90.479704, 24.377196],
              [90.475387, 24.376623],
              [90.476464, 24.380091],
              [90.474309, 24.383779],
              [90.473842, 24.387389],
              [90.475115, 24.394179],
              [90.479129, 24.399392],
              [90.485171, 24.402998],
              [90.486387, 24.404582],
              [90.480422, 24.40672],
              [90.480268, 24.408108],
              [90.481518, 24.409959],
              [90.480651, 24.410574],
              [90.471771, 24.411026],
              [90.47064, 24.414069],
              [90.470714, 24.419114],
              [90.466368, 24.420859],
              [90.468219, 24.42505],
              [90.468553, 24.428282],
              [90.468129, 24.429329],
              [90.46407, 24.43176],
              [90.463136, 24.434423],
              [90.466583, 24.440389],
              [90.467617, 24.449891],
              [90.463907, 24.459865],
              [90.456859, 24.461804],
              [90.45575, 24.459448],
              [90.456962, 24.458989],
              [90.456385, 24.457324],
              [90.453945, 24.453642],
              [90.451513, 24.45208],
              [90.442562, 24.45361],
              [90.432778, 24.451155],
              [90.431286, 24.453218],
              [90.43216, 24.458344],
              [90.428959, 24.461521],
              [90.428118, 24.466095],
              [90.424176, 24.471658],
              [90.419151, 24.47396],
              [90.4148, 24.47469],
              [90.413018, 24.475643],
              [90.413168, 24.477733],
              [90.407819, 24.479184],
              [90.406567, 24.47811],
              [90.402311, 24.477659],
              [90.400205, 24.475219],
              [90.396495, 24.47585],
              [90.394524, 24.473046],
              [90.38977, 24.470577],
              [90.390584, 24.468581],
              [90.391513, 24.468807],
              [90.392074, 24.465769],
              [90.388803, 24.458102],
              [90.388134, 24.458364],
              [90.388855, 24.460846],
              [90.387126, 24.467023],
              [90.384766, 24.468172],
              [90.384238, 24.470657],
              [90.380793, 24.471277],
              [90.380162, 24.467987],
              [90.378629, 24.46858],
              [90.379819, 24.470112],
              [90.378028, 24.470246],
              [90.372944, 24.464837],
              [90.370728, 24.463797],
              [90.368, 24.456463],
              [90.364338, 24.454966],
              [90.364572, 24.457083],
              [90.362885, 24.456317],
              [90.35944, 24.459546],
              [90.35695, 24.460238],
              [90.354602, 24.462269],
              [90.349033, 24.461268],
              [90.345842, 24.458437],
              [90.341496, 24.461285],
              [90.337752, 24.462632],
              [90.333346, 24.469567],
              [90.333459, 24.472017],
              [90.332398, 24.472803],
              [90.327363, 24.471737],
              [90.324356, 24.467954],
              [90.320796, 24.471554],
              [90.318818, 24.471373],
              [90.317729, 24.472313],
              [90.314152, 24.468759],
              [90.309468, 24.468279],
              [90.308082, 24.465909],
              [90.307002, 24.466848],
              [90.305464, 24.46525],
              [90.302905, 24.464878],
              [90.298582, 24.46791],
              [90.296983, 24.470853],
              [90.290473, 24.476091],
              [90.286192, 24.4766],
              [90.284439, 24.478618],
              [90.281117, 24.477251],
              [90.279233, 24.480815],
              [90.277517, 24.479414]
            ]
          ]
        ]
      }
    },
    {
      "type": "Feature",
      "properties": { "pcode": "BD45610016" },
      "geometry": {
        "type": "MultiPolygon",
        "coordinates": [
          [
            [
              [90.613356, 25.176389],
              [90.609828, 25.178848],
              [90.607863, 25.176278],
              [90.606967, 25.17588],
              [90.606633, 25.176778],
              [90.605159, 25.176246],
              [90.60554, 25.174971],
              [90.604377, 25.17473],
              [90.600454, 25.175193],
              [90.599721, 25.176578],
              [90.591729, 25.175686],
              [90.589184, 25.176454],
              [90.586564, 25.173316],
              [90.584826, 25.173917],
              [90.583661, 25.173213],
              [90.583321, 25.174336],
              [90.582651, 25.173399],
              [90.581746, 25.174525],
              [90.580997, 25.173654],
              [90.57898, 25.174468],
              [90.577208, 25.171671],
              [90.576044, 25.171335],
              [90.573134, 25.173285],
              [90.571047, 25.17353],
              [90.565579, 25.173177],
              [90.564057, 25.170997],
              [90.559553, 25.172626],
              [90.554903, 25.171456],
              [90.552676, 25.173108],
              [90.551785, 25.174816],
              [90.545612, 25.173541],
              [90.538218, 25.175024],
              [90.535294, 25.173165],
              [90.525176, 25.173474],
              [90.518632, 25.17208],
              [90.509529, 25.175112],
              [90.509092, 25.173937],
              [90.510107, 25.169834],
              [90.499402, 25.171597],
              [90.499108, 25.168564],
              [90.488343, 25.163996],
              [90.485241, 25.160783],
              [90.461992, 25.15368],
              [90.459561, 25.148416],
              [90.457429, 25.140483],
              [90.451593, 25.138973],
              [90.445178, 25.138625],
              [90.442048, 25.134666],
              [90.43883, 25.133483],
              [90.430822, 25.135094],
              [90.432402, 25.133283],
              [90.431288, 25.132528],
              [90.4301, 25.133037],
              [90.428857, 25.129717],
              [90.423274, 25.132551],
              [90.421635, 25.129266],
              [90.419407, 25.127575],
              [90.415322, 25.128128],
              [90.413938, 25.129179],
              [90.411431, 25.127236],
              [90.40842, 25.128111],
              [90.401462, 25.124046],
              [90.402321, 25.120287],
              [90.410243, 25.115026],
              [90.415585, 25.113748],
              [90.421972, 25.113983],
              [90.423713, 25.113002],
              [90.42673, 25.113427],
              [90.428786, 25.111796],
              [90.430848, 25.111611],
              [90.431908, 25.108825],
              [90.439991, 25.106672],
              [90.442199, 25.103523],
              [90.445442, 25.101129],
              [90.442833, 25.093476],
              [90.440089, 25.092256],
              [90.436343, 25.085257],
              [90.427162, 25.082152],
              [90.424145, 25.075065],
              [90.426388, 25.074948],
              [90.427444, 25.073071],
              [90.429769, 25.072694],
              [90.430536, 25.071809],
              [90.430407, 25.069211],
              [90.435153, 25.070364],
              [90.437737, 25.072102],
              [90.441616, 25.067679],
              [90.445418, 25.067387],
              [90.446548, 25.064302],
              [90.451296, 25.060154],
              [90.455906, 25.052945],
              [90.457622, 25.051605],
              [90.455599, 25.047685],
              [90.457309, 25.04605],
              [90.456265, 25.043183],
              [90.456481, 25.040083],
              [90.461101, 25.040157],
              [90.463365, 25.041066],
              [90.475207, 25.03927],
              [90.476312, 25.037966],
              [90.478615, 25.037367],
              [90.475121, 25.03454],
              [90.474292, 25.03227],
              [90.47761, 25.029839],
              [90.47749, 25.026392],
              [90.480207, 25.023852],
              [90.489704, 25.023263],
              [90.494258, 25.020453],
              [90.500275, 25.019521],
              [90.507769, 25.022101],
              [90.506568, 25.018667],
              [90.507175, 25.017786],
              [90.509773, 25.0199],
              [90.510852, 25.031038],
              [90.513937, 25.031167],
              [90.515964, 25.025913],
              [90.518044, 25.024254],
              [90.519932, 25.025583],
              [90.522458, 25.031295],
              [90.524922, 25.032307],
              [90.52662, 25.030809],
              [90.528872, 25.022682],
              [90.534638, 25.014112],
              [90.536932, 25.012693],
              [90.53942, 25.012298],
              [90.540427, 25.009912],
              [90.542461, 25.009828],
              [90.544543, 25.011054],
              [90.542681, 25.013414],
              [90.545017, 25.015155],
              [90.545852, 25.018573],
              [90.544486, 25.026814],
              [90.542356, 25.028176],
              [90.535798, 25.028024],
              [90.533889, 25.030625],
              [90.533794, 25.033691],
              [90.534884, 25.036105],
              [90.536891, 25.036215],
              [90.545072, 25.032083],
              [90.546101, 25.032197],
              [90.547829, 25.03473],
              [90.547977, 25.039029],
              [90.548887, 25.041175],
              [90.551198, 25.042252],
              [90.553608, 25.041627],
              [90.553444, 25.04319],
              [90.552633, 25.044249],
              [90.552421, 25.044679],
              [90.552498, 25.044841],
              [90.556097, 25.044695],
              [90.557766, 25.045558],
              [90.558756, 25.045084],
              [90.557916, 25.043676],
              [90.557373, 25.037984],
              [90.561342, 25.034951],
              [90.565413, 25.033414],
              [90.567005, 25.03348],
              [90.57175, 25.036365],
              [90.57367, 25.036511],
              [90.587211, 25.028335],
              [90.589243, 25.030228],
              [90.593111, 25.036401],
              [90.597875, 25.029512],
              [90.60528, 25.030157],
              [90.607429, 25.028568],
              [90.609644, 25.030559],
              [90.609252, 25.031911],
              [90.604525, 25.032316],
              [90.604263, 25.034862],
              [90.607745, 25.035175],
              [90.608944, 25.036784],
              [90.607894, 25.037486],
              [90.605429, 25.037417],
              [90.603577, 25.039436],
              [90.605012, 25.041295],
              [90.606146, 25.048143],
              [90.611023, 25.050584],
              [90.606071, 25.052442],
              [90.605731, 25.05347],
              [90.607735, 25.054257],
              [90.609704, 25.053296],
              [90.614147, 25.055368],
              [90.611712, 25.061201],
              [90.609517, 25.062535],
              [90.605008, 25.063626],
              [90.605697, 25.066952],
              [90.606811, 25.06691],
              [90.606563, 25.065624],
              [90.607649, 25.064347],
              [90.608566, 25.066966],
              [90.610566, 25.067726],
              [90.609103, 25.069251],
              [90.60696, 25.074836],
              [90.603895, 25.07477],
              [90.601418, 25.07213],
              [90.599326, 25.072077],
              [90.598857, 25.06953],
              [90.596595, 25.069419],
              [90.598179, 25.068555],
              [90.598212, 25.066491],
              [90.592648, 25.062881],
              [90.591265, 25.060243],
              [90.590476, 25.060187],
              [90.589916, 25.061506],
              [90.591626, 25.06354],
              [90.590139, 25.064478],
              [90.591349, 25.066659],
              [90.59003, 25.069145],
              [90.591755, 25.074036],
              [90.593462, 25.074505],
              [90.593799, 25.075865],
              [90.596191, 25.077375],
              [90.593872, 25.078628],
              [90.591924, 25.082688],
              [90.589791, 25.081963],
              [90.588497, 25.084093],
              [90.595346, 25.088037],
              [90.601676, 25.095768],
              [90.601888, 25.096824],
              [90.600304, 25.098072],
              [90.600206, 25.099156],
              [90.603263, 25.101052],
              [90.606782, 25.105776],
              [90.606293, 25.107724],
              [90.602712, 25.107926],
              [90.601153, 25.109174],
              [90.601374, 25.11021],
              [90.604483, 25.112552],
              [90.603215, 25.11751],
              [90.60492, 25.119603],
              [90.607819, 25.120776],
              [90.608895, 25.122885],
              [90.606526, 25.124473],
              [90.606726, 25.127109],
              [90.611284, 25.128133],
              [90.614774, 25.132232],
              [90.615093, 25.134263],
              [90.613293, 25.135609],
              [90.614172, 25.138211],
              [90.610064, 25.140287],
              [90.608049, 25.140099],
              [90.608152, 25.140888],
              [90.609473, 25.14305],
              [90.615317, 25.14516],
              [90.615841, 25.146934],
              [90.615135, 25.148122],
              [90.616492, 25.149594],
              [90.615276, 25.152131],
              [90.618988, 25.156164],
              [90.618758, 25.157646],
              [90.620036, 25.15923],
              [90.617543, 25.160396],
              [90.618995, 25.164508],
              [90.617372, 25.165382],
              [90.617546, 25.168056],
              [90.616441, 25.169289],
              [90.617559, 25.170513],
              [90.618001, 25.172809],
              [90.616751, 25.175903],
              [90.616973, 25.177177],
              [90.615951, 25.177355],
              [90.61456, 25.173688],
              [90.613356, 25.176389]
            ]
          ]
        ]
      }
    },
    {
      "type": "Feature",
      "properties": { "pcode": "BD45610020" },
      "geometry": {
        "type": "MultiPolygon",
        "coordinates": [
          [
            [
              [90.301067, 24.718053],
              [90.30013, 24.722207],
              [90.2993, 24.722317],
              [90.292726, 24.719007],
              [90.293188, 24.71438],
              [90.290377, 24.713084],
              [90.289977, 24.711387],
              [90.290724, 24.70983],
              [90.290086, 24.707664],
              [90.289252, 24.706437],
              [90.28763, 24.706115],
              [90.288687, 24.702607],
              [90.28694, 24.699576],
              [90.28215, 24.697526],
              [90.279426, 24.698578],
              [90.277448, 24.698331],
              [90.27519, 24.696563],
              [90.272067, 24.696607],
              [90.267367, 24.698316],
              [90.267838, 24.697265],
              [90.270089, 24.696177],
              [90.266324, 24.692571],
              [90.2649, 24.692502],
              [90.261111, 24.69457],
              [90.256881, 24.694794],
              [90.255892, 24.69429],
              [90.256204, 24.692736],
              [90.253397, 24.692668],
              [90.252362, 24.689888],
              [90.246316, 24.690513],
              [90.245882, 24.691274],
              [90.246877, 24.693874],
              [90.243523, 24.696374],
              [90.24024, 24.695729],
              [90.238023, 24.694396],
              [90.236166, 24.694941],
              [90.232803, 24.69379],
              [90.233195, 24.692272],
              [90.232244, 24.691298],
              [90.233307, 24.689526],
              [90.231605, 24.688662],
              [90.230811, 24.687035],
              [90.22915, 24.686966],
              [90.228397, 24.685738],
              [90.226184, 24.686286],
              [90.226062, 24.684478],
              [90.225111, 24.683612],
              [90.219735, 24.683911],
              [90.213883, 24.682727],
              [90.201118, 24.684484],
              [90.200167, 24.683257],
              [90.198626, 24.683403],
              [90.197867, 24.679934],
              [90.200947, 24.678051],
              [90.201845, 24.67281],
              [90.203072, 24.671106],
              [90.205558, 24.671502],
              [90.206425, 24.670561],
              [90.204839, 24.668251],
              [90.203613, 24.667964],
              [90.204111, 24.66012],
              [90.203199, 24.658712],
              [90.203194, 24.656508],
              [90.200702, 24.655283],
              [90.19983, 24.653837],
              [90.196791, 24.655866],
              [90.19248, 24.654391],
              [90.189439, 24.6553],
              [90.1888, 24.6523],
              [90.189823, 24.649987],
              [90.183818, 24.650791],
              [90.181441, 24.647613],
              [90.184043, 24.64432],
              [90.183724, 24.643164],
              [90.185143, 24.641103],
              [90.183474, 24.636082],
              [90.184618, 24.635177],
              [90.186361, 24.63727],
              [90.187817, 24.634448],
              [90.18576, 24.633403],
              [90.185716, 24.631019],
              [90.182278, 24.63059],
              [90.181525, 24.629796],
              [90.183971, 24.627804],
              [90.18397, 24.626973],
              [90.176259, 24.623695],
              [90.176885, 24.620443],
              [90.17503, 24.621348],
              [90.173922, 24.620843],
              [90.174233, 24.617951],
              [90.173397, 24.61452],
              [90.174458, 24.611265],
              [90.172836, 24.610219],
              [90.171019, 24.610402],
              [90.168519, 24.604227],
              [90.164094, 24.604196],
              [90.161765, 24.605101],
              [90.156993, 24.609844],
              [90.1534, 24.610859],
              [90.150481, 24.613826],
              [90.149458, 24.616033],
              [90.142184, 24.613475],
              [90.13938, 24.614381],
              [90.138203, 24.616841],
              [90.134978, 24.616338],
              [90.134783, 24.605643],
              [90.13395, 24.601855],
              [90.132565, 24.598657],
              [90.13026, 24.596636],
              [90.130068, 24.595114],
              [90.135402, 24.58957],
              [90.14387, 24.577761],
              [90.144328, 24.575992],
              [90.151511, 24.575902],
              [90.154641, 24.575223],
              [90.155744, 24.574044],
              [90.155558, 24.57194],
              [90.152148, 24.569836],
              [90.151041, 24.567817],
              [90.159207, 24.545241],
              [90.163248, 24.537151],
              [90.165824, 24.536559],
              [90.170789, 24.537817],
              [90.169966, 24.535881],
              [90.170239, 24.533607],
              [90.176662, 24.518273],
              [90.177582, 24.517936],
              [90.180441, 24.521974],
              [90.182928, 24.523319],
              [90.186978, 24.523228],
              [90.18929, 24.52071],
              [90.189657, 24.518072],
              [90.194016, 24.514601],
              [90.197887, 24.515199],
              [90.200971, 24.512483],
              [90.204224, 24.512779],
              [90.210353, 24.509833],
              [90.210019, 24.507083],
              [90.204786, 24.504189],
              [90.204208, 24.503097],
              [90.205273, 24.499593],
              [90.207329, 24.498159],
              [90.208934, 24.497854],
              [90.21289, 24.500298],
              [90.21577, 24.499427],
              [90.217616, 24.49581],
              [90.222346, 24.493466],
              [90.22513, 24.487724],
              [90.228666, 24.484055],
              [90.23543, 24.484423],
              [90.23631, 24.487244],
              [90.237092, 24.48758],
              [90.239756, 24.485302],
              [90.241919, 24.485129],
              [90.246054, 24.482121],
              [90.242001, 24.480414],
              [90.239236, 24.477723],
              [90.235002, 24.476634],
              [90.233709, 24.474026],
              [90.226478, 24.469996],
              [90.224903, 24.463766],
              [90.211699, 24.4629],
              [90.212057, 24.457047],
              [90.21352, 24.451529],
              [90.222366, 24.448836],
              [90.2296, 24.443663],
              [90.234723, 24.443712],
              [90.23734, 24.442279],
              [90.247963, 24.441216],
              [90.252226, 24.450259],
              [90.254801, 24.452998],
              [90.254311, 24.457734],
              [90.255783, 24.462468],
              [90.252799, 24.468809],
              [90.252814, 24.472729],
              [90.254492, 24.472825],
              [90.256337, 24.471646],
              [90.258195, 24.47314],
              [90.261764, 24.473041],
              [90.267377, 24.477441],
              [90.26881, 24.480019],
              [90.270383, 24.480962],
              [90.272068, 24.481025],
              [90.272671, 24.479488],
              [90.274483, 24.479061],
              [90.277517, 24.479414],
              [90.278448, 24.480751],
              [90.27959, 24.480717],
              [90.281117, 24.477251],
              [90.28476, 24.478552],
              [90.286005, 24.476686],
              [90.290473, 24.476091],
              [90.294146, 24.47295],
              [90.295953, 24.475796],
              [90.298857, 24.476454],
              [90.301222, 24.479107],
              [90.300866, 24.48193],
              [90.301412, 24.48276],
              [90.305592, 24.485406],
              [90.309037, 24.484736],
              [90.310127, 24.485397],
              [90.318294, 24.486044],
              [90.321555, 24.484211],
              [90.322286, 24.486368],
              [90.322118, 24.491351],
              [90.323754, 24.493007],
              [90.323395, 24.494336],
              [90.322127, 24.495002],
              [90.323036, 24.495831],
              [90.321055, 24.501812],
              [90.321059, 24.503307],
              [90.323062, 24.50596],
              [90.322524, 24.508783],
              [90.323073, 24.51011],
              [90.326869, 24.516951],
              [90.330697, 24.518581],
              [90.335309, 24.518871],
              [90.335531, 24.521146],
              [90.334506, 24.525269],
              [90.335658, 24.528064],
              [90.337258, 24.528582],
              [90.337223, 24.530843],
              [90.342155, 24.531653],
              [90.343682, 24.531121],
              [90.344637, 24.532686],
              [90.345185, 24.536065],
              [90.343322, 24.538968],
              [90.340261, 24.538849],
              [90.338911, 24.539938],
              [90.333148, 24.540689],
              [90.330834, 24.539263],
              [90.330202, 24.54173],
              [90.326394, 24.542192],
              [90.326028, 24.544263],
              [90.323626, 24.546736],
              [90.322809, 24.549048],
              [90.323086, 24.550955],
              [90.326269, 24.553274],
              [90.326191, 24.558422],
              [90.32403, 24.564984],
              [90.326576, 24.56664],
              [90.327033, 24.567799],
              [90.332027, 24.568288],
              [90.339378, 24.567607],
              [90.3422, 24.570507],
              [90.341489, 24.57788],
              [90.337932, 24.577523],
              [90.337455, 24.579023],
              [90.335584, 24.579167],
              [90.336827, 24.581853],
              [90.336386, 24.584142],
              [90.338872, 24.585464],
              [90.339218, 24.588071],
              [90.341689, 24.587878],
              [90.342082, 24.589037],
              [90.34381, 24.590142],
              [90.348447, 24.591455],
              [90.34986, 24.593627],
              [90.349145, 24.594862],
              [90.350356, 24.595776],
              [90.350207, 24.596915],
              [90.356358, 24.60105],
              [90.356522, 24.603635],
              [90.359092, 24.607553],
              [90.358506, 24.611363],
              [90.360223, 24.613649],
              [90.358748, 24.61386],
              [90.357417, 24.616347],
              [90.355147, 24.616693],
              [90.353249, 24.615318],
              [90.352458, 24.615828],
              [90.351167, 24.617879],
              [90.352973, 24.621042],
              [90.349605, 24.622823],
              [90.350751, 24.624012],
              [90.348579, 24.627779],
              [90.348352, 24.629913],
              [90.346748, 24.631588],
              [90.347099, 24.633978],
              [90.344819, 24.635611],
              [90.341048, 24.634816],
              [90.338276, 24.63685],
              [90.337863, 24.63863],
              [90.338526, 24.641087],
              [90.337298, 24.642309],
              [90.335428, 24.641889],
              [90.334405, 24.643207],
              [90.333586, 24.643166],
              [90.332898, 24.646119],
              [90.33036, 24.650189],
              [90.330287, 24.651898],
              [90.332219, 24.653729],
              [90.332166, 24.656157],
              [90.325665, 24.660325],
              [90.324746, 24.661951],
              [90.325422, 24.663997],
              [90.327386, 24.664937],
              [90.340994, 24.665577],
              [90.34531, 24.670013],
              [90.345787, 24.673394],
              [90.345178, 24.675863],
              [90.339252, 24.677069],
              [90.338188, 24.678552],
              [90.336488, 24.678773],
              [90.335267, 24.680726],
              [90.33476, 24.683764],
              [90.334928, 24.687991],
              [90.338847, 24.690332],
              [90.340198, 24.693219],
              [90.342375, 24.694372],
              [90.34226, 24.695457],
              [90.339774, 24.697521],
              [90.340017, 24.700194],
              [90.339426, 24.700918],
              [90.338278, 24.70074],
              [90.337088, 24.698936],
              [90.335546, 24.69894],
              [90.33124, 24.700683],
              [90.330613, 24.703177],
              [90.328238, 24.702316],
              [90.326539, 24.702644],
              [90.323695, 24.703807],
              [90.322908, 24.705506],
              [90.312983, 24.705527],
              [90.310564, 24.702317],
              [90.305939, 24.703157],
              [90.301866, 24.70273],
              [90.301067, 24.718053]
            ]
          ]
        ]
      }
    },
    {
      "type": "Feature",
      "properties": { "pcode": "BD45610022" },
      "geometry": {
        "type": "MultiPolygon",
        "coordinates": [
          [
            [
              [90.484051, 24.544724],
              [90.480268, 24.547156],
              [90.477577, 24.544997],
              [90.470313, 24.545013],
              [90.468464, 24.541054],
              [90.464151, 24.540467],
              [90.463859, 24.538711],
              [90.467824, 24.535987],
              [90.464701, 24.533674],
              [90.467838, 24.529981],
              [90.46625, 24.525762],
              [90.468362, 24.521885],
              [90.467372, 24.520209],
              [90.465308, 24.520244],
              [90.464364, 24.521584],
              [90.458688, 24.524347],
              [90.452689, 24.525013],
              [90.448382, 24.523181],
              [90.449544, 24.51476],
              [90.447881, 24.513641],
              [90.447521, 24.511188],
              [90.444359, 24.50968],
              [90.444236, 24.507871],
              [90.445693, 24.506639],
              [90.451011, 24.505718],
              [90.450053, 24.504167],
              [90.452079, 24.498008],
              [90.448852, 24.494627],
              [90.451714, 24.491207],
              [90.453641, 24.485687],
              [90.452344, 24.484833],
              [90.445168, 24.487022],
              [90.441969, 24.48609],
              [90.441296, 24.48508],
              [90.441439, 24.479733],
              [90.441868, 24.477709],
              [90.445745, 24.475665],
              [90.444409, 24.472192],
              [90.444805, 24.469979],
              [90.449175, 24.465954],
              [90.455997, 24.462079],
              [90.463266, 24.460194],
              [90.464653, 24.458948],
              [90.467338, 24.451624],
              [90.467571, 24.447083],
              [90.466583, 24.440389],
              [90.463318, 24.435371],
              [90.463186, 24.433754],
              [90.464461, 24.431365],
              [90.468377, 24.428872],
              [90.468219, 24.42505],
              [90.466303, 24.421072],
              [90.470714, 24.419114],
              [90.47064, 24.414069],
              [90.471451, 24.411289],
              [90.480651, 24.410574],
              [90.481518, 24.409959],
              [90.480268, 24.408108],
              [90.480422, 24.40672],
              [90.486336, 24.404742],
              [90.485171, 24.402998],
              [90.479129, 24.399392],
              [90.475367, 24.394766],
              [90.473923, 24.385706],
              [90.476464, 24.380091],
              [90.475387, 24.376623],
              [90.479704, 24.377196],
              [90.479925, 24.37401],
              [90.481996, 24.37469],
              [90.486877, 24.373661],
              [90.490667, 24.366789],
              [90.491178, 24.360745],
              [90.496979, 24.357886],
              [90.496962, 24.353508],
              [90.499951, 24.352127],
              [90.499891, 24.345986],
              [90.492903, 24.336406],
              [90.491241, 24.330925],
              [90.492317, 24.323375],
              [90.496366, 24.319704],
              [90.496089, 24.315285],
              [90.513853, 24.311781],
              [90.517486, 24.308122],
              [90.523191, 24.304228],
              [90.529488, 24.303294],
              [90.520676, 24.289859],
              [90.52138, 24.28706],
              [90.531896, 24.284061],
              [90.535534, 24.281845],
              [90.538209, 24.278677],
              [90.54123, 24.278072],
              [90.546896, 24.274744],
              [90.547315, 24.273295],
              [90.544598, 24.268254],
              [90.549395, 24.266751],
              [90.556908, 24.259961],
              [90.561549, 24.259791],
              [90.562871, 24.259027],
              [90.565844, 24.256507],
              [90.57219, 24.248658],
              [90.573514, 24.248045],
              [90.577324, 24.247652],
              [90.582386, 24.249152],
              [90.58779, 24.252929],
              [90.590627, 24.256946],
              [90.598017, 24.260108],
              [90.604007, 24.264719],
              [90.611887, 24.268409],
              [90.617864, 24.268082],
              [90.622866, 24.271586],
              [90.626603, 24.271485],
              [90.632308, 24.269879],
              [90.640475, 24.262996],
              [90.647075, 24.261155],
              [90.651297, 24.260889],
              [90.652081, 24.267569],
              [90.651552, 24.270757],
              [90.646937, 24.274399],
              [90.645997, 24.277277],
              [90.644093, 24.278922],
              [90.643405, 24.287825],
              [90.644367, 24.296921],
              [90.641754, 24.309156],
              [90.639287, 24.314136],
              [90.631609, 24.324879],
              [90.626343, 24.33464],
              [90.624266, 24.337166],
              [90.621523, 24.336741],
              [90.619421, 24.338862],
              [90.6207, 24.342387],
              [90.624452, 24.345158],
              [90.627052, 24.352165],
              [90.628679, 24.354177],
              [90.631321, 24.35564],
              [90.633611, 24.359089],
              [90.635562, 24.368049],
              [90.635738, 24.374057],
              [90.636765, 24.375124],
              [90.639007, 24.375219],
              [90.640876, 24.382263],
              [90.642871, 24.385275],
              [90.641089, 24.388205],
              [90.640775, 24.391396],
              [90.643659, 24.396051],
              [90.644898, 24.40179],
              [90.64803, 24.404831],
              [90.648004, 24.406913],
              [90.646659, 24.409136],
              [90.647903, 24.415846],
              [90.639503, 24.422867],
              [90.641859, 24.424368],
              [90.642166, 24.427087],
              [90.641182, 24.428333],
              [90.639165, 24.428443],
              [90.636364, 24.432953],
              [90.633693, 24.434443],
              [90.619581, 24.436213],
              [90.615818, 24.439251],
              [90.606691, 24.440697],
              [90.599849, 24.444251],
              [90.598038, 24.441371],
              [90.59519, 24.444069],
              [90.588009, 24.445944],
              [90.584854, 24.453813],
              [90.579219, 24.456992],
              [90.579492, 24.460549],
              [90.575816, 24.46691],
              [90.577597, 24.471369],
              [90.576504, 24.472985],
              [90.575049, 24.483946],
              [90.575504, 24.485477],
              [90.566577, 24.496593],
              [90.563407, 24.50446],
              [90.55641, 24.506488],
              [90.547669, 24.512458],
              [90.542255, 24.512855],
              [90.534493, 24.517107],
              [90.529297, 24.521208],
              [90.518678, 24.520989],
              [90.515404, 24.521576],
              [90.514305, 24.523711],
              [90.512485, 24.522453],
              [90.508972, 24.521982],
              [90.509812, 24.519137],
              [90.508167, 24.517625],
              [90.506943, 24.51752],
              [90.504936, 24.519225],
              [90.500947, 24.518586],
              [90.500286, 24.521697],
              [90.495322, 24.525252],
              [90.491651, 24.525191],
              [90.490404, 24.530325],
              [90.486066, 24.531929],
              [90.484057, 24.533523],
              [90.482922, 24.536924],
              [90.483566, 24.541113],
              [90.482464, 24.5422],
              [90.484757, 24.543168],
              [90.484051, 24.544724]
            ]
          ]
        ]
      }
    },
    {
      "type": "Feature",
      "properties": { "pcode": "BD45610023" },
      "geometry": {
        "type": "MultiPolygon",
        "coordinates": [
          [
            [
              [90.524309, 24.89442],
              [90.522085, 24.893272],
              [90.516025, 24.893471],
              [90.514343, 24.888703],
              [90.520351, 24.886012],
              [90.521732, 24.884671],
              [90.522203, 24.88373],
              [90.521425, 24.877806],
              [90.522642, 24.875237],
              [90.530319, 24.870665],
              [90.527892, 24.867663],
              [90.523492, 24.866809],
              [90.520984, 24.863745],
              [90.521011, 24.860783],
              [90.520213, 24.859594],
              [90.52308, 24.85391],
              [90.52391, 24.853438],
              [90.528471, 24.855266],
              [90.528464, 24.85353],
              [90.529773, 24.852132],
              [90.52912, 24.849626],
              [90.525853, 24.844975],
              [90.520652, 24.841812],
              [90.519767, 24.83849],
              [90.524238, 24.837824],
              [90.526231, 24.835219],
              [90.528563, 24.83438],
              [90.537429, 24.833554],
              [90.543434, 24.835693],
              [90.543425, 24.834073],
              [90.541276, 24.831586],
              [90.53814, 24.829719],
              [90.537697, 24.828201],
              [90.542239, 24.825475],
              [90.543665, 24.825723],
              [90.543632, 24.82717],
              [90.544386, 24.827493],
              [90.549025, 24.823576],
              [90.550405, 24.822046],
              [90.550334, 24.82093],
              [90.551636, 24.820022],
              [90.551185, 24.816482],
              [90.552805, 24.815717],
              [90.553543, 24.812752],
              [90.555043, 24.811663],
              [90.553602, 24.80827],
              [90.552215, 24.80795],
              [90.551851, 24.806254],
              [90.549664, 24.803948],
              [90.549817, 24.802827],
              [90.547788, 24.800557],
              [90.547943, 24.799544],
              [90.550614, 24.798599],
              [90.549738, 24.788846],
              [90.550464, 24.788152],
              [90.547421, 24.780574],
              [90.54504, 24.779138],
              [90.541993, 24.779147],
              [90.539727, 24.78122],
              [90.536171, 24.781702],
              [90.530837, 24.783816],
              [90.529056, 24.783712],
              [90.528021, 24.782379],
              [90.528345, 24.780568],
              [90.524948, 24.772665],
              [90.52854, 24.770557],
              [90.528645, 24.767594],
              [90.530518, 24.76148],
              [90.529039, 24.757979],
              [90.529885, 24.752411],
              [90.527735, 24.749309],
              [90.52607, 24.748557],
              [90.51978, 24.748723],
              [90.519133, 24.748981],
              [90.520091, 24.751073],
              [90.518671, 24.752018],
              [90.518107, 24.749599],
              [90.51664, 24.749062],
              [90.515327, 24.746038],
              [90.509642, 24.740701],
              [90.504653, 24.739634],
              [90.50247, 24.7365],
              [90.500899, 24.737076],
              [90.502643, 24.740561],
              [90.501376, 24.74348],
              [90.501702, 24.744325],
              [90.497829, 24.744316],
              [90.49324, 24.739772],
              [90.491105, 24.742541],
              [90.48731, 24.741097],
              [90.485068, 24.739783],
              [90.485539, 24.735433],
              [90.483316, 24.729455],
              [90.483357, 24.726639],
              [90.484607, 24.724557],
              [90.479852, 24.72071],
              [90.477071, 24.719954],
              [90.471285, 24.716105],
              [90.467766, 24.716368],
              [90.466142, 24.715723],
              [90.465031, 24.714426],
              [90.464942, 24.711354],
              [90.463954, 24.71161],
              [90.462972, 24.713529],
              [90.459926, 24.713103],
              [90.457005, 24.713943],
              [90.455506, 24.71348],
              [90.453015, 24.710891],
              [90.453748, 24.709506],
              [90.452992, 24.708064],
              [90.453189, 24.704468],
              [90.457659, 24.699921],
              [90.457093, 24.695953],
              [90.45937, 24.691097],
              [90.460734, 24.684371],
              [90.46427, 24.682489],
              [90.465724, 24.679992],
              [90.464642, 24.675625],
              [90.465404, 24.666731],
              [90.461707, 24.66031],
              [90.462399, 24.6546],
              [90.458824, 24.649081],
              [90.461483, 24.640545],
              [90.463442, 24.637319],
              [90.462697, 24.642275],
              [90.463511, 24.64516],
              [90.468209, 24.647749],
              [90.470619, 24.651746],
              [90.471693, 24.650822],
              [90.474592, 24.6527],
              [90.477144, 24.656481],
              [90.479583, 24.657372],
              [90.48007, 24.658264],
              [90.494264, 24.651975],
              [90.497105, 24.653377],
              [90.499544, 24.653471],
              [90.505038, 24.649973],
              [90.513422, 24.648594],
              [90.51133, 24.652248],
              [90.509729, 24.65762],
              [90.508396, 24.65718],
              [90.505508, 24.663383],
              [90.501679, 24.666951],
              [90.500742, 24.666362],
              [90.493162, 24.675277],
              [90.492586, 24.679131],
              [90.490754, 24.683156],
              [90.492201, 24.694061],
              [90.494899, 24.703174],
              [90.495533, 24.70489],
              [90.498323, 24.705964],
              [90.505078, 24.704494],
              [90.505853, 24.700879],
              [90.506986, 24.700156],
              [90.510175, 24.701055],
              [90.513956, 24.700561],
              [90.513704, 24.69713],
              [90.516272, 24.696068],
              [90.517863, 24.696107],
              [90.519174, 24.697405],
              [90.521646, 24.696052],
              [90.523784, 24.696803],
              [90.524255, 24.695935],
              [90.527611, 24.694875],
              [90.528695, 24.698667],
              [90.536697, 24.698537],
              [90.536464, 24.695937],
              [90.534047, 24.692568],
              [90.534993, 24.689254],
              [90.535916, 24.688845],
              [90.535563, 24.684472],
              [90.54076, 24.684371],
              [90.540644, 24.683525],
              [90.543851, 24.683414],
              [90.549927, 24.681228],
              [90.552888, 24.681285],
              [90.554075, 24.682057],
              [90.557018, 24.687147],
              [90.560851, 24.684532],
              [90.563894, 24.679659],
              [90.56449, 24.680025],
              [90.56317, 24.682362],
              [90.566246, 24.683938],
              [90.565496, 24.681577],
              [90.567081, 24.680591],
              [90.565225, 24.678841],
              [90.566437, 24.677182],
              [90.56891, 24.676328],
              [90.573644, 24.676782],
              [90.575312, 24.677789],
              [90.578928, 24.684531],
              [90.581701, 24.682292],
              [90.584564, 24.682069],
              [90.58505, 24.684563],
              [90.583487, 24.685537],
              [90.583173, 24.68832],
              [90.581598, 24.689347],
              [90.581317, 24.6911],
              [90.57695, 24.692532],
              [90.576789, 24.693694],
              [90.575324, 24.694826],
              [90.576931, 24.696529],
              [90.575972, 24.698458],
              [90.576885, 24.700109],
              [90.57711, 24.703516],
              [90.582211, 24.703669],
              [90.584834, 24.706332],
              [90.583752, 24.708249],
              [90.585878, 24.709395],
              [90.587487, 24.707263],
              [90.589819, 24.706926],
              [90.602499, 24.712441],
              [90.604276, 24.711965],
              [90.611139, 24.713342],
              [90.613864, 24.712789],
              [90.617117, 24.70956],
              [90.622794, 24.706974],
              [90.62551, 24.704793],
              [90.628019, 24.708036],
              [90.630833, 24.709288],
              [90.628784, 24.710778],
              [90.630173, 24.711639],
              [90.631827, 24.710368],
              [90.633379, 24.712456],
              [90.636861, 24.720102],
              [90.637089, 24.725811],
              [90.641978, 24.727147],
              [90.646436, 24.719019],
              [90.64661, 24.714717],
              [90.645494, 24.712952],
              [90.646239, 24.711901],
              [90.655774, 24.712871],
              [90.658236, 24.714883],
              [90.66512, 24.715539],
              [90.666845, 24.715057],
              [90.674377, 24.711553],
              [90.675076, 24.709274],
              [90.674062, 24.704761],
              [90.677613, 24.703553],
              [90.681032, 24.704626],
              [90.687378, 24.703398],
              [90.687208, 24.701267],
              [90.685207, 24.697192],
              [90.688241, 24.695408],
              [90.690341, 24.696301],
              [90.692237, 24.695968],
              [90.693776, 24.699116],
              [90.69524, 24.699638],
              [90.697313, 24.705339],
              [90.696889, 24.707185],
              [90.695983, 24.707803],
              [90.695544, 24.713949],
              [90.697573, 24.715926],
              [90.702048, 24.717097],
              [90.705695, 24.725357],
              [90.709444, 24.730866],
              [90.719635, 24.728795],
              [90.721153, 24.731461],
              [90.7244, 24.732059],
              [90.725037, 24.732851],
              [90.722813, 24.744281],
              [90.716092, 24.744639],
              [90.714924, 24.751232],
              [90.706014, 24.754167],
              [90.703604, 24.756093],
              [90.697306, 24.754919],
              [90.695289, 24.75654],
              [90.69425, 24.756111],
              [90.693795, 24.757335],
              [90.695545, 24.758338],
              [90.697016, 24.76252],
              [90.694809, 24.766569],
              [90.694481, 24.769948],
              [90.69572, 24.772954],
              [90.700157, 24.77707],
              [90.701376, 24.776858],
              [90.702592, 24.775191],
              [90.704555, 24.775958],
              [90.707082, 24.770289],
              [90.709457, 24.768218],
              [90.717478, 24.769596],
              [90.720405, 24.771708],
              [90.72162, 24.774146],
              [90.72091, 24.778538],
              [90.717522, 24.78179],
              [90.706483, 24.785019],
              [90.704758, 24.786316],
              [90.70432, 24.78728],
              [90.705492, 24.790654],
              [90.707836, 24.792838],
              [90.709724, 24.793384],
              [90.709857, 24.794916],
              [90.711054, 24.795933],
              [90.710915, 24.79784],
              [90.708306, 24.798362],
              [90.708322, 24.800974],
              [90.703099, 24.802455],
              [90.69878, 24.799127],
              [90.695365, 24.800124],
              [90.694903, 24.800775],
              [90.695492, 24.801439],
              [90.693611, 24.80175],
              [90.686568, 24.799279],
              [90.683556, 24.80169],
              [90.68229, 24.801249],
              [90.681233, 24.8018],
              [90.679421, 24.801567],
              [90.677954, 24.799622],
              [90.674189, 24.802259],
              [90.670643, 24.802921],
              [90.668406, 24.802067],
              [90.669492, 24.798812],
              [90.661362, 24.795414],
              [90.659412, 24.793327],
              [90.65486, 24.793095],
              [90.653785, 24.791727],
              [90.647809, 24.791464],
              [90.646199, 24.793676],
              [90.643869, 24.794517],
              [90.642525, 24.799417],
              [90.633421, 24.798917],
              [90.631103, 24.797025],
              [90.631186, 24.796202],
              [90.625754, 24.795605],
              [90.623312, 24.802682],
              [90.620794, 24.80533],
              [90.612454, 24.8071],
              [90.612588, 24.80999],
              [90.610559, 24.810494],
              [90.609883, 24.813796],
              [90.607983, 24.813696],
              [90.601177, 24.809838],
              [90.597947, 24.81267],
              [90.590589, 24.813169],
              [90.584016, 24.812509],
              [90.583404, 24.816094],
              [90.584057, 24.820713],
              [90.58181, 24.822348],
              [90.578752, 24.820228],
              [90.575164, 24.814966],
              [90.571474, 24.812957],
              [90.566564, 24.812253],
              [90.565705, 24.81464],
              [90.566092, 24.818199],
              [90.576934, 24.825963],
              [90.579069, 24.825593],
              [90.5813, 24.828511],
              [90.580517, 24.830284],
              [90.5837, 24.83154],
              [90.58406, 24.834201],
              [90.585857, 24.837634],
              [90.587639, 24.837736],
              [90.588776, 24.835708],
              [90.590168, 24.836967],
              [90.589806, 24.84297],
              [90.586665, 24.843612],
              [90.58426, 24.845575],
              [90.580297, 24.844543],
              [90.577045, 24.841112],
              [90.576477, 24.838443],
              [90.575041, 24.837808],
              [90.573856, 24.838286],
              [90.572093, 24.841366],
              [90.566865, 24.841758],
              [90.566879, 24.847373],
              [90.568593, 24.848351],
              [90.569709, 24.850153],
              [90.567808, 24.853107],
              [90.567793, 24.855147],
              [90.569658, 24.856043],
              [90.573103, 24.856139],
              [90.568674, 24.860294],
              [90.56878, 24.871515],
              [90.569804, 24.872589],
              [90.572322, 24.873072],
              [90.570997, 24.874342],
              [90.568979, 24.874783],
              [90.56638, 24.877902],
              [90.566327, 24.880521],
              [90.567524, 24.882467],
              [90.566028, 24.88457],
              [90.567555, 24.886381],
              [90.564404, 24.887412],
              [90.559531, 24.88725],
              [90.555919, 24.885708],
              [90.554803, 24.884087],
              [90.54907, 24.886528],
              [90.542608, 24.885141],
              [90.540473, 24.886018],
              [90.53574, 24.890623],
              [90.532928, 24.890849],
              [90.52811, 24.894045],
              [90.524309, 24.89442]
            ]
          ]
        ]
      }
    },
    {
      "type": "Feature",
      "properties": { "pcode": "BD45610024" },
      "geometry": {
        "type": "MultiPolygon",
        "coordinates": [
          [
            [
              [90.281334, 25.195244],
              [90.267737, 25.197922],
              [90.265144, 25.196579],
              [90.26398, 25.193346],
              [90.265551, 25.190953],
              [90.266122, 25.187965],
              [90.263656, 25.176787],
              [90.261703, 25.172012],
              [90.262008, 25.166755],
              [90.259184, 25.166625],
              [90.25888, 25.165198],
              [90.259273, 25.163425],
              [90.261194, 25.16288],
              [90.261708, 25.161611],
              [90.262629, 25.162655],
              [90.265896, 25.162048],
              [90.264064, 25.157194],
              [90.26427, 25.152609],
              [90.266211, 25.1504],
              [90.267839, 25.150903],
              [90.270496, 25.149308],
              [90.269184, 25.148335],
              [90.26826, 25.145964],
              [90.269504, 25.144429],
              [90.268741, 25.140956],
              [90.270343, 25.139966],
              [90.270012, 25.137524],
              [90.265552, 25.136895],
              [90.26664, 25.135019],
              [90.269034, 25.135246],
              [90.267269, 25.13013],
              [90.265536, 25.120545],
              [90.265345, 25.117131],
              [90.266373, 25.116982],
              [90.266001, 25.110953],
              [90.26436, 25.106937],
              [90.265985, 25.10654],
              [90.2669, 25.101674],
              [90.263531, 25.101337],
              [90.263554, 25.099096],
              [90.263126, 25.097874],
              [90.262467, 25.097942],
              [90.263019, 25.097272],
              [90.268582, 25.096511],
              [90.269931, 25.095199],
              [90.273344, 25.094233],
              [90.275416, 25.094055],
              [90.275495, 25.095175],
              [90.276443, 25.095679],
              [90.281571, 25.094524],
              [90.281221, 25.093225],
              [90.282144, 25.090443],
              [90.281107, 25.089807],
              [90.28108, 25.088143],
              [90.284351, 25.086299],
              [90.283897, 25.084442],
              [90.285726, 25.08421],
              [90.286793, 25.082429],
              [90.293058, 25.086704],
              [90.293887, 25.08843],
              [90.297036, 25.090837],
              [90.29823, 25.090884],
              [90.298613, 25.089748],
              [90.297434, 25.08868],
              [90.298711, 25.087609],
              [90.303824, 25.091858],
              [90.306047, 25.091383],
              [90.305324, 25.087842],
              [90.306407, 25.086371],
              [90.310865, 25.087312],
              [90.312396, 25.085103],
              [90.308336, 25.083841],
              [90.306928, 25.081801],
              [90.3096, 25.080362],
              [90.309455, 25.078447],
              [90.304808, 25.080328],
              [90.303319, 25.078813],
              [90.301577, 25.080587],
              [90.297069, 25.080955],
              [90.293575, 25.077358],
              [90.288889, 25.077873],
              [90.28697, 25.07483],
              [90.287072, 25.07332],
              [90.292161, 25.071769],
              [90.292472, 25.06791],
              [90.286378, 25.068229],
              [90.285689, 25.063787],
              [90.282358, 25.062713],
              [90.281495, 25.05888],
              [90.283141, 25.058689],
              [90.281741, 25.058168],
              [90.281526, 25.056994],
              [90.280023, 25.056882],
              [90.277748, 25.058268],
              [90.274425, 25.056306],
              [90.274808, 25.05491],
              [90.273358, 25.055048],
              [90.272326, 25.053812],
              [90.270471, 25.05333],
              [90.268654, 25.054343],
              [90.267681, 25.052053],
              [90.263974, 25.051495],
              [90.262408, 25.053674],
              [90.260519, 25.054461],
              [90.262794, 25.062286],
              [90.260719, 25.063166],
              [90.261035, 25.065328],
              [90.258527, 25.064469],
              [90.258241, 25.065645],
              [90.256178, 25.065466],
              [90.253574, 25.062967],
              [90.252063, 25.063145],
              [90.251032, 25.061237],
              [90.252177, 25.058237],
              [90.250945, 25.057659],
              [90.248636, 25.053111],
              [90.244638, 25.052215],
              [90.241185, 25.053738],
              [90.239806, 25.049116],
              [90.237607, 25.047019],
              [90.236265, 25.04746],
              [90.234995, 25.0462],
              [90.233196, 25.042292],
              [90.233596, 25.041217],
              [90.235035, 25.04079],
              [90.234767, 25.03827],
              [90.237471, 25.037697],
              [90.235894, 25.035597],
              [90.236547, 25.030743],
              [90.235922, 25.030364],
              [90.236351, 25.027756],
              [90.235327, 25.027252],
              [90.235237, 25.023579],
              [90.241062, 25.020896],
              [90.241495, 25.019268],
              [90.240564, 25.015844],
              [90.24158, 25.016174],
              [90.243147, 25.01236],
              [90.244575, 25.012198],
              [90.252115, 25.01515],
              [90.256276, 25.013554],
              [90.265, 25.013538],
              [90.271934, 25.01085],
              [90.275847, 25.013318],
              [90.278011, 25.016276],
              [90.281196, 25.018655],
              [90.280868, 25.021086],
              [90.281638, 25.021879],
              [90.289338, 25.022127],
              [90.289821, 25.021374],
              [90.284546, 25.020077],
              [90.28566, 25.01634],
              [90.284874, 25.013226],
              [90.287238, 25.013404],
              [90.289748, 25.011298],
              [90.292508, 25.011127],
              [90.293025, 25.014998],
              [90.296854, 25.014329],
              [90.298758, 25.016342],
              [90.299845, 25.014885],
              [90.299802, 25.012291],
              [90.301151, 25.01065],
              [90.300261, 25.009324],
              [90.298395, 25.008569],
              [90.29863, 25.007449],
              [90.301087, 25.006541],
              [90.310565, 25.007063],
              [90.311633, 25.005833],
              [90.313284, 25.000191],
              [90.317442, 24.997905],
              [90.319306, 24.997828],
              [90.3232, 25.001254],
              [90.32761, 25.000784],
              [90.328899, 25.001919],
              [90.329477, 25.004846],
              [90.332906, 25.004904],
              [90.33526, 25.003923],
              [90.337076, 25.001998],
              [90.336931, 25.001282],
              [90.333643, 24.999955],
              [90.333532, 24.998524],
              [90.336811, 24.996598],
              [90.341786, 25.000881],
              [90.343245, 24.999087],
              [90.343482, 24.994076],
              [90.340805, 24.994505],
              [90.339946, 24.993856],
              [90.342192, 24.992745],
              [90.34494, 24.992413],
              [90.347013, 24.993059],
              [90.350009, 24.991977],
              [90.354783, 24.993903],
              [90.358253, 24.993969],
              [90.358804, 24.998775],
              [90.360432, 25.001383],
              [90.362271, 25.002399],
              [90.367896, 25.002401],
              [90.367672, 25.004901],
              [90.369168, 25.006791],
              [90.371642, 25.006474],
              [90.37394, 25.004054],
              [90.375089, 25.004769],
              [90.376078, 25.00919],
              [90.376912, 25.00973],
              [90.37826, 25.00969],
              [90.379442, 25.007012],
              [90.383531, 25.008665],
              [90.387527, 25.00569],
              [90.388321, 25.005905],
              [90.389201, 25.008686],
              [90.394876, 25.00433],
              [90.393349, 24.998443],
              [90.393477, 24.99472],
              [90.398566, 24.996402],
              [90.3992, 24.992269],
              [90.403505, 24.991957],
              [90.403914, 24.987551],
              [90.4094, 24.986888],
              [90.410808, 24.988758],
              [90.410879, 24.991657],
              [90.413903, 24.991447],
              [90.415131, 24.987339],
              [90.417215, 24.987115],
              [90.418773, 24.991605],
              [90.421803, 24.99623],
              [90.423265, 24.99702],
              [90.433272, 24.993469],
              [90.433443, 24.996036],
              [90.429871, 25.001745],
              [90.430529, 25.004513],
              [90.435617, 25.004442],
              [90.439709, 25.007336],
              [90.441531, 25.007572],
              [90.44453, 25.005032],
              [90.446021, 25.00111],
              [90.447552, 25.001261],
              [90.450355, 25.008315],
              [90.446656, 25.013388],
              [90.447158, 25.014511],
              [90.461121, 25.007675],
              [90.464781, 25.009108],
              [90.468937, 25.009463],
              [90.473431, 25.013138],
              [90.4751, 25.00871],
              [90.47881, 25.007678],
              [90.480846, 25.005759],
              [90.482374, 25.006068],
              [90.484308, 25.010021],
              [90.482043, 25.014537],
              [90.482415, 25.017492],
              [90.486299, 25.020741],
              [90.489486, 25.021596],
              [90.492189, 25.021343],
              [90.489704, 25.023263],
              [90.480207, 25.023852],
              [90.477683, 25.026018],
              [90.47761, 25.029839],
              [90.474196, 25.032703],
              [90.478496, 25.037769],
              [90.476816, 25.037752],
              [90.475207, 25.03927],
              [90.46935, 25.040589],
              [90.462989, 25.041061],
              [90.461101, 25.040157],
              [90.456481, 25.040083],
              [90.456265, 25.043183],
              [90.457309, 25.04605],
              [90.455599, 25.047685],
              [90.457622, 25.051605],
              [90.455906, 25.052945],
              [90.451296, 25.060154],
              [90.446548, 25.064302],
              [90.445418, 25.067387],
              [90.441616, 25.067679],
              [90.437737, 25.072102],
              [90.435153, 25.070364],
              [90.430407, 25.069211],
              [90.430536, 25.071809],
              [90.429769, 25.072694],
              [90.427444, 25.073071],
              [90.426388, 25.074948],
              [90.424145, 25.075065],
              [90.427162, 25.082152],
              [90.436343, 25.085257],
              [90.440089, 25.092256],
              [90.442833, 25.093476],
              [90.445442, 25.101129],
              [90.442199, 25.103523],
              [90.439991, 25.106672],
              [90.431908, 25.108825],
              [90.430848, 25.111611],
              [90.428786, 25.111796],
              [90.42673, 25.113427],
              [90.423713, 25.113002],
              [90.421972, 25.113983],
              [90.415585, 25.113748],
              [90.410243, 25.115026],
              [90.402439, 25.120033],
              [90.401501, 25.123721],
              [90.404883, 25.126565],
              [90.407464, 25.127136],
              [90.40842, 25.128111],
              [90.411431, 25.127236],
              [90.413938, 25.129179],
              [90.415322, 25.128128],
              [90.419407, 25.127575],
              [90.421635, 25.129266],
              [90.423274, 25.132551],
              [90.426641, 25.131168],
              [90.427073, 25.130084],
              [90.429095, 25.129789],
              [90.4301, 25.133037],
              [90.431288, 25.132528],
              [90.432402, 25.133283],
              [90.43074, 25.134516],
              [90.431219, 25.135237],
              [90.43883, 25.133483],
              [90.442048, 25.134666],
              [90.445178, 25.138625],
              [90.451593, 25.138973],
              [90.457429, 25.140483],
              [90.459561, 25.148416],
              [90.461992, 25.15368],
              [90.450683, 25.151904],
              [90.449122, 25.144714],
              [90.439746, 25.14436],
              [90.434666, 25.146868],
              [90.424278, 25.148896],
              [90.41582, 25.152117],
              [90.405901, 25.159163],
              [90.399485, 25.158851],
              [90.388403, 25.161089],
              [90.376936, 25.161143],
              [90.370451, 25.162503],
              [90.364802, 25.166748],
              [90.353824, 25.172681],
              [90.345347, 25.178512],
              [90.339985, 25.183816],
              [90.336003, 25.189312],
              [90.3298, 25.193006],
              [90.326517, 25.193026],
              [90.323231, 25.191661],
              [90.316772, 25.192192],
              [90.309918, 25.188267],
              [90.304171, 25.190132],
              [90.294792, 25.191779],
              [90.284802, 25.195537],
              [90.281334, 25.195244]
            ]
          ]
        ]
      }
    },
    {
      "type": "Feature",
      "properties": { "pcode": "BD45610031" },
      "geometry": {
        "type": "MultiPolygon",
        "coordinates": [
          [
            [
              [90.643573, 24.723296],
              [90.641978, 24.727147],
              [90.637089, 24.725811],
              [90.636861, 24.720102],
              [90.633379, 24.712456],
              [90.631827, 24.710368],
              [90.630173, 24.711639],
              [90.628784, 24.710778],
              [90.630833, 24.709288],
              [90.628019, 24.708036],
              [90.62551, 24.704793],
              [90.622794, 24.706974],
              [90.617117, 24.70956],
              [90.613864, 24.712789],
              [90.610269, 24.713418],
              [90.604276, 24.711965],
              [90.602499, 24.712441],
              [90.589819, 24.706926],
              [90.587487, 24.707263],
              [90.585878, 24.709395],
              [90.583752, 24.708249],
              [90.584834, 24.706332],
              [90.582211, 24.703669],
              [90.57711, 24.703516],
              [90.576885, 24.700109],
              [90.575972, 24.698458],
              [90.576931, 24.696529],
              [90.575324, 24.694826],
              [90.576789, 24.693694],
              [90.57695, 24.692532],
              [90.581068, 24.69139],
              [90.581598, 24.689347],
              [90.583173, 24.68832],
              [90.583487, 24.685537],
              [90.584726, 24.685321],
              [90.585087, 24.684299],
              [90.584564, 24.682069],
              [90.583178, 24.681984],
              [90.578928, 24.684531],
              [90.575312, 24.677789],
              [90.573644, 24.676782],
              [90.56891, 24.676328],
              [90.566437, 24.677182],
              [90.565225, 24.678841],
              [90.567081, 24.680591],
              [90.565496, 24.681577],
              [90.566246, 24.683938],
              [90.56317, 24.682362],
              [90.56449, 24.680025],
              [90.563894, 24.679659],
              [90.560851, 24.684532],
              [90.557018, 24.687147],
              [90.554075, 24.682057],
              [90.552888, 24.681285],
              [90.549927, 24.681228],
              [90.543851, 24.683414],
              [90.540644, 24.683525],
              [90.54076, 24.684371],
              [90.535563, 24.684472],
              [90.535916, 24.688845],
              [90.534993, 24.689254],
              [90.534047, 24.692568],
              [90.536464, 24.695937],
              [90.536697, 24.698537],
              [90.528695, 24.698667],
              [90.527611, 24.694875],
              [90.524255, 24.695935],
              [90.523784, 24.696803],
              [90.521646, 24.696052],
              [90.519174, 24.697405],
              [90.517863, 24.696107],
              [90.516272, 24.696068],
              [90.513704, 24.69713],
              [90.513956, 24.700561],
              [90.510175, 24.701055],
              [90.506986, 24.700156],
              [90.505932, 24.700771],
              [90.506017, 24.702324],
              [90.50515, 24.702869],
              [90.50555, 24.704059],
              [90.503815, 24.705149],
              [90.498679, 24.706071],
              [90.495533, 24.70489],
              [90.492201, 24.694061],
              [90.490793, 24.684034],
              [90.493162, 24.675277],
              [90.500742, 24.666362],
              [90.501679, 24.666951],
              [90.505508, 24.663383],
              [90.508396, 24.65718],
              [90.509729, 24.65762],
              [90.51133, 24.652248],
              [90.513422, 24.648594],
              [90.505038, 24.649973],
              [90.499544, 24.653471],
              [90.497105, 24.653377],
              [90.494264, 24.651975],
              [90.48007, 24.658264],
              [90.479583, 24.657372],
              [90.477144, 24.656481],
              [90.474592, 24.6527],
              [90.471693, 24.650822],
              [90.470619, 24.651746],
              [90.468209, 24.647749],
              [90.463511, 24.64516],
              [90.462845, 24.640166],
              [90.463839, 24.635857],
              [90.473711, 24.62971],
              [90.488906, 24.624753],
              [90.499885, 24.622471],
              [90.498059, 24.619693],
              [90.504129, 24.615159],
              [90.504668, 24.614563],
              [90.503994, 24.613951],
              [90.509827, 24.606876],
              [90.513756, 24.600107],
              [90.514925, 24.595009],
              [90.516625, 24.59467],
              [90.518973, 24.58794],
              [90.519163, 24.585483],
              [90.518245, 24.582741],
              [90.515917, 24.579601],
              [90.514385, 24.579556],
              [90.514678, 24.568191],
              [90.517964, 24.568695],
              [90.52014, 24.570275],
              [90.520493, 24.572484],
              [90.518952, 24.57763],
              [90.519015, 24.580452],
              [90.522611, 24.585261],
              [90.52317, 24.588311],
              [90.52939, 24.579041],
              [90.530812, 24.575056],
              [90.534747, 24.575088],
              [90.538405, 24.57611],
              [90.538805, 24.572808],
              [90.541551, 24.572437],
              [90.552331, 24.573837],
              [90.556638, 24.575444],
              [90.557872, 24.575121],
              [90.558705, 24.573944],
              [90.558662, 24.56608],
              [90.557799, 24.561881],
              [90.558283, 24.560073],
              [90.560405, 24.559657],
              [90.569255, 24.560791],
              [90.56931, 24.561877],
              [90.567438, 24.562697],
              [90.566605, 24.564057],
              [90.56671, 24.56505],
              [90.568589, 24.565404],
              [90.568452, 24.567346],
              [90.567074, 24.568437],
              [90.567427, 24.569655],
              [90.568764, 24.570102],
              [90.571676, 24.569547],
              [90.57294, 24.566063],
              [90.574757, 24.564019],
              [90.578845, 24.561696],
              [90.580611, 24.559565],
              [90.582932, 24.559282],
              [90.583995, 24.562644],
              [90.585875, 24.561122],
              [90.589675, 24.560425],
              [90.589487, 24.562054],
              [90.588014, 24.563687],
              [90.58837, 24.565447],
              [90.582609, 24.568953],
              [90.583413, 24.571389],
              [90.585695, 24.572915],
              [90.584569, 24.574683],
              [90.590652, 24.575648],
              [90.591854, 24.5784],
              [90.601164, 24.576731],
              [90.603595, 24.578255],
              [90.608919, 24.576197],
              [90.611057, 24.578401],
              [90.614076, 24.579289],
              [90.611763, 24.580884],
              [90.611892, 24.581536],
              [90.616609, 24.578328],
              [90.618583, 24.577956],
              [90.619082, 24.578812],
              [90.615827, 24.579824],
              [90.615092, 24.580955],
              [90.618681, 24.580804],
              [90.61889, 24.582837],
              [90.61372, 24.585888],
              [90.617727, 24.594908],
              [90.619141, 24.591691],
              [90.623884, 24.591669],
              [90.6248, 24.590263],
              [90.629435, 24.59119],
              [90.632824, 24.590858],
              [90.63392, 24.592298],
              [90.646866, 24.592053],
              [90.648558, 24.593897],
              [90.652207, 24.601227],
              [90.662301, 24.602458],
              [90.660801, 24.607617],
              [90.665123, 24.611165],
              [90.665682, 24.613601],
              [90.667072, 24.614498],
              [90.667985, 24.618289],
              [90.666614, 24.620194],
              [90.668799, 24.621855],
              [90.671687, 24.622289],
              [90.672157, 24.626263],
              [90.674392, 24.627923],
              [90.674264, 24.631042],
              [90.679097, 24.636981],
              [90.681845, 24.636517],
              [90.696132, 24.629166],
              [90.698474, 24.629333],
              [90.6994, 24.627249],
              [90.70282, 24.627491],
              [90.70353, 24.624065],
              [90.701067, 24.619014],
              [90.702444, 24.619507],
              [90.703027, 24.618012],
              [90.708757, 24.617349],
              [90.708642, 24.614911],
              [90.714459, 24.612709],
              [90.718626, 24.614992],
              [90.721365, 24.618004],
              [90.721936, 24.621932],
              [90.725548, 24.622635],
              [90.726698, 24.624526],
              [90.73144, 24.624002],
              [90.734002, 24.626255],
              [90.738494, 24.626446],
              [90.740134, 24.627747],
              [90.748557, 24.627362],
              [90.750004, 24.625477],
              [90.758039, 24.624936],
              [90.761104, 24.623562],
              [90.758949, 24.633304],
              [90.757741, 24.633743],
              [90.757239, 24.63535],
              [90.741802, 24.635332],
              [90.73924, 24.648839],
              [90.736291, 24.64947],
              [90.728293, 24.648143],
              [90.728174, 24.652397],
              [90.724757, 24.652651],
              [90.721934, 24.648354],
              [90.720378, 24.648125],
              [90.708071, 24.661251],
              [90.705458, 24.666425],
              [90.701888, 24.667342],
              [90.698002, 24.676592],
              [90.699622, 24.679143],
              [90.699852, 24.68326],
              [90.700745, 24.685292],
              [90.704438, 24.687689],
              [90.702908, 24.689826],
              [90.706072, 24.690428],
              [90.707633, 24.691604],
              [90.701762, 24.700437],
              [90.693776, 24.699116],
              [90.692515, 24.696039],
              [90.690341, 24.696301],
              [90.688241, 24.695408],
              [90.68509, 24.697481],
              [90.686525, 24.699392],
              [90.687651, 24.703217],
              [90.681032, 24.704626],
              [90.677613, 24.703553],
              [90.674062, 24.704761],
              [90.675076, 24.709274],
              [90.674377, 24.711553],
              [90.666845, 24.715057],
              [90.66512, 24.715539],
              [90.658236, 24.714883],
              [90.655774, 24.712871],
              [90.646239, 24.711901],
              [90.645494, 24.712952],
              [90.64661, 24.714717],
              [90.646436, 24.719019],
              [90.643573, 24.723296]
            ]
          ]
        ]
      }
    },
    {
      "type": "Feature",
      "properties": { "pcode": "BD45610052" },
      "geometry": {
        "type": "MultiPolygon",
        "coordinates": [
          [
            [
              [90.254837, 24.895228],
              [90.253335, 24.896893],
              [90.25266, 24.896208],
              [90.2508, 24.896644],
              [90.245212, 24.89582],
              [90.241371, 24.89673],
              [90.237547, 24.894365],
              [90.233814, 24.887358],
              [90.230128, 24.88516],
              [90.224859, 24.883471],
              [90.20993, 24.883165],
              [90.19255, 24.886584],
              [90.191717, 24.885646],
              [90.191556, 24.882898],
              [90.202121, 24.879893],
              [90.200315, 24.87918],
              [90.200804, 24.876513],
              [90.199695, 24.875864],
              [90.198866, 24.878069],
              [90.197599, 24.878106],
              [90.195139, 24.874459],
              [90.193039, 24.872908],
              [90.191566, 24.866405],
              [90.188438, 24.865398],
              [90.183134, 24.866741],
              [90.182893, 24.863993],
              [90.193654, 24.864294],
              [90.197654, 24.865408],
              [90.196274, 24.864067],
              [90.195722, 24.861926],
              [90.200189, 24.860627],
              [90.201375, 24.858422],
              [90.20058, 24.856039],
              [90.201646, 24.854123],
              [90.203625, 24.853687],
              [90.207704, 24.85462],
              [90.210869, 24.852629],
              [90.217787, 24.850264],
              [90.222648, 24.834913],
              [90.222205, 24.833697],
              [90.218763, 24.831715],
              [90.218678, 24.829362],
              [90.222675, 24.828618],
              [90.223311, 24.829927],
              [90.225393, 24.829626],
              [90.225998, 24.831354],
              [90.227919, 24.831451],
              [90.228906, 24.83468],
              [90.232349, 24.833952],
              [90.232946, 24.836119],
              [90.23142, 24.839928],
              [90.233588, 24.842153],
              [90.23616, 24.84139],
              [90.238013, 24.836547],
              [90.239476, 24.835892],
              [90.238226, 24.832545],
              [90.238896, 24.830774],
              [90.236205, 24.830779],
              [90.237113, 24.829332],
              [90.236998, 24.819491],
              [90.238139, 24.815118],
              [90.243238, 24.812012],
              [90.236908, 24.80502],
              [90.237446, 24.803161],
              [90.240193, 24.803493],
              [90.24751, 24.811564],
              [90.249343, 24.8099],
              [90.247849, 24.806579],
              [90.251537, 24.804256],
              [90.252035, 24.801986],
              [90.25673, 24.801517],
              [90.259911, 24.802997],
              [90.264496, 24.801373],
              [90.26896, 24.801347],
              [90.270395, 24.797883],
              [90.271833, 24.798403],
              [90.273065, 24.801001],
              [90.277792, 24.801466],
              [90.277207, 24.803908],
              [90.278207, 24.804132],
              [90.280801, 24.802662],
              [90.283592, 24.80339],
              [90.285215, 24.804703],
              [90.287846, 24.802903],
              [90.289658, 24.804291],
              [90.292562, 24.802673],
              [90.296197, 24.802826],
              [90.299792, 24.801279],
              [90.30302, 24.801932],
              [90.305356, 24.800116],
              [90.301664, 24.798133],
              [90.301541, 24.796469],
              [90.303633, 24.793755],
              [90.307508, 24.792375],
              [90.30944, 24.788903],
              [90.303812, 24.785444],
              [90.302047, 24.782664],
              [90.30227, 24.780369],
              [90.305919, 24.776492],
              [90.314792, 24.775299],
              [90.319463, 24.772567],
              [90.31966, 24.76812],
              [90.315313, 24.765377],
              [90.3141, 24.763303],
              [90.314841, 24.760212],
              [90.319044, 24.756512],
              [90.325357, 24.758312],
              [90.328911, 24.753364],
              [90.33445, 24.753464],
              [90.334835, 24.748029],
              [90.336182, 24.744349],
              [90.329321, 24.744124],
              [90.326706, 24.742034],
              [90.326501, 24.738998],
              [90.330097, 24.737292],
              [90.32926, 24.73444],
              [90.324827, 24.733255],
              [90.323638, 24.73221],
              [90.319724, 24.73258],
              [90.318455, 24.73121],
              [90.316188, 24.725288],
              [90.310812, 24.726166],
              [90.310333, 24.724361],
              [90.311077, 24.720925],
              [90.309885, 24.717821],
              [90.301067, 24.718053],
              [90.301866, 24.70273],
              [90.305939, 24.703157],
              [90.310564, 24.702317],
              [90.312983, 24.705527],
              [90.319548, 24.705911],
              [90.322908, 24.705506],
              [90.323695, 24.703807],
              [90.326539, 24.702644],
              [90.328238, 24.702316],
              [90.330613, 24.703177],
              [90.33124, 24.700683],
              [90.335546, 24.69894],
              [90.337088, 24.698936],
              [90.338278, 24.70074],
              [90.339426, 24.700918],
              [90.340017, 24.700194],
              [90.339774, 24.697521],
              [90.341708, 24.696469],
              [90.342375, 24.694372],
              [90.340198, 24.693219],
              [90.338293, 24.689828],
              [90.335126, 24.688281],
              [90.334687, 24.686329],
              [90.335267, 24.680726],
              [90.336488, 24.678773],
              [90.338188, 24.678552],
              [90.339252, 24.677069],
              [90.343479, 24.675795],
              [90.344902, 24.67608],
              [90.345452, 24.674417],
              [90.347625, 24.674232],
              [90.351308, 24.676607],
              [90.358824, 24.678543],
              [90.363131, 24.678063],
              [90.363762, 24.677303],
              [90.363481, 24.675569],
              [90.365647, 24.674087],
              [90.37205, 24.672189],
              [90.373745, 24.670159],
              [90.375088, 24.669614],
              [90.37584, 24.670228],
              [90.376983, 24.668778],
              [90.379628, 24.667616],
              [90.384253, 24.667279],
              [90.39224, 24.668272],
              [90.395899, 24.66462],
              [90.396887, 24.66523],
              [90.397773, 24.667932],
              [90.403542, 24.666941],
              [90.41597, 24.65903],
              [90.416443, 24.656349],
              [90.41756, 24.656108],
              [90.418822, 24.657254],
              [90.419547, 24.656204],
              [90.423355, 24.654889],
              [90.436828, 24.651743],
              [90.444799, 24.650749],
              [90.445044, 24.647028],
              [90.452195, 24.647006],
              [90.452962, 24.645304],
              [90.454584, 24.645118],
              [90.455014, 24.64425],
              [90.456191, 24.644623],
              [90.460693, 24.638319],
              [90.462807, 24.637748],
              [90.458824, 24.649081],
              [90.462399, 24.6546],
              [90.461707, 24.66031],
              [90.465404, 24.666731],
              [90.464642, 24.675625],
              [90.465724, 24.679992],
              [90.46427, 24.682489],
              [90.461863, 24.683764],
              [90.458462, 24.683519],
              [90.452931, 24.684872],
              [90.450319, 24.683941],
              [90.448531, 24.680948],
              [90.446995, 24.682939],
              [90.43994, 24.686999],
              [90.435109, 24.687255],
              [90.433961, 24.689062],
              [90.432956, 24.687677],
              [90.430376, 24.687824],
              [90.429743, 24.689386],
              [90.426637, 24.690391],
              [90.425679, 24.692814],
              [90.423904, 24.69421],
              [90.419679, 24.69475],
              [90.41664, 24.693717],
              [90.411868, 24.693978],
              [90.410829, 24.696142],
              [90.411115, 24.699851],
              [90.406767, 24.702708],
              [90.405423, 24.708334],
              [90.398071, 24.709297],
              [90.391413, 24.712001],
              [90.391583, 24.717379],
              [90.393851, 24.721575],
              [90.392116, 24.722699],
              [90.391305, 24.722137],
              [90.388531, 24.724508],
              [90.385866, 24.725335],
              [90.386752, 24.728623],
              [90.382822, 24.727001],
              [90.377255, 24.728815],
              [90.372985, 24.733203],
              [90.371305, 24.733306],
              [90.370778, 24.732599],
              [90.366576, 24.734487],
              [90.363321, 24.738166],
              [90.361234, 24.742263],
              [90.357814, 24.742907],
              [90.357694, 24.746378],
              [90.35408, 24.746995],
              [90.350997, 24.746391],
              [90.34995, 24.747959],
              [90.349835, 24.750008],
              [90.352267, 24.751905],
              [90.352544, 24.753662],
              [90.354708, 24.753903],
              [90.353552, 24.756231],
              [90.355788, 24.758549],
              [90.356704, 24.760818],
              [90.35819, 24.761239],
              [90.359708, 24.764089],
              [90.355023, 24.763475],
              [90.348997, 24.764959],
              [90.348089, 24.767679],
              [90.348086, 24.771373],
              [90.345987, 24.774079],
              [90.345305, 24.773268],
              [90.338418, 24.771878],
              [90.337373, 24.777162],
              [90.339789, 24.778457],
              [90.339199, 24.780297],
              [90.337935, 24.781097],
              [90.331883, 24.781867],
              [90.330995, 24.784702],
              [90.33357, 24.786105],
              [90.334517, 24.787541],
              [90.334806, 24.790367],
              [90.333503, 24.791454],
              [90.333429, 24.793802],
              [90.337061, 24.796749],
              [90.344147, 24.797636],
              [90.346551, 24.800344],
              [90.355799, 24.799743],
              [90.356224, 24.803712],
              [90.355013, 24.805319],
              [90.362259, 24.804675],
              [90.361235, 24.803421],
              [90.365895, 24.801209],
              [90.36922, 24.801781],
              [90.37408, 24.798877],
              [90.380633, 24.792863],
              [90.382141, 24.794666],
              [90.388146, 24.791471],
              [90.391751, 24.792654],
              [90.391793, 24.793666],
              [90.38823, 24.793133],
              [90.390369, 24.794067],
              [90.387996, 24.79447],
              [90.389304, 24.795153],
              [90.3882, 24.79642],
              [90.388835, 24.797469],
              [90.404104, 24.795369],
              [90.41703, 24.790963],
              [90.420979, 24.788459],
              [90.420028, 24.787881],
              [90.420579, 24.787013],
              [90.419074, 24.786222],
              [90.41653, 24.782508],
              [90.419323, 24.780514],
              [90.427976, 24.776836],
              [90.433277, 24.77301],
              [90.434988, 24.775491],
              [90.438526, 24.776072],
              [90.444328, 24.775637],
              [90.44918, 24.77273],
              [90.452551, 24.775396],
              [90.468364, 24.77159],
              [90.467746, 24.768728],
              [90.465332, 24.768336],
              [90.464815, 24.767596],
              [90.465855, 24.766819],
              [90.466167, 24.759065],
              [90.468544, 24.75457],
              [90.47036, 24.753589],
              [90.470512, 24.751672],
              [90.462752, 24.755053],
              [90.459345, 24.75771],
              [90.457571, 24.755839],
              [90.459427, 24.750076],
              [90.452222, 24.734598],
              [90.453147, 24.727368],
              [90.452654, 24.721443],
              [90.451622, 24.720435],
              [90.446827, 24.721713],
              [90.449154, 24.718732],
              [90.447551, 24.71835],
              [90.449557, 24.715794],
              [90.449079, 24.71411],
              [90.452501, 24.710748],
              [90.457005, 24.713943],
              [90.459926, 24.713103],
              [90.462972, 24.713529],
              [90.463954, 24.71161],
              [90.464942, 24.711354],
              [90.465031, 24.714426],
              [90.466142, 24.715723],
              [90.467766, 24.716368],
              [90.471285, 24.716105],
              [90.477071, 24.719954],
              [90.480397, 24.721063],
              [90.484607, 24.724557],
              [90.483357, 24.726639],
              [90.483316, 24.729455],
              [90.485539, 24.735433],
              [90.485068, 24.739783],
              [90.490478, 24.742581],
              [90.49173, 24.742247],
              [90.49324, 24.739772],
              [90.497829, 24.744316],
              [90.501702, 24.744325],
              [90.501841, 24.745023],
              [90.500774, 24.74546],
              [90.500431, 24.748534],
              [90.501304, 24.749181],
              [90.504666, 24.748953],
              [90.508168, 24.753604],
              [90.506318, 24.755849],
              [90.50661, 24.759608],
              [90.502657, 24.770099],
              [90.499142, 24.771956],
              [90.496897, 24.774528],
              [90.495664, 24.772943],
              [90.493245, 24.771865],
              [90.491313, 24.773569],
              [90.489296, 24.773865],
              [90.478556, 24.780151],
              [90.46986, 24.78278],
              [90.468116, 24.78206],
              [90.468123, 24.783977],
              [90.46244, 24.788294],
              [90.454447, 24.788932],
              [90.453818, 24.789909],
              [90.45259, 24.789805],
              [90.447272, 24.796687],
              [90.441747, 24.80111],
              [90.440722, 24.803502],
              [90.439188, 24.804839],
              [90.427577, 24.812605],
              [90.420378, 24.814107],
              [90.418327, 24.816244],
              [90.41291, 24.818354],
              [90.409594, 24.821217],
              [90.404056, 24.82062],
              [90.389851, 24.827158],
              [90.388629, 24.826547],
              [90.385883, 24.822037],
              [90.380699, 24.823061],
              [90.378726, 24.824981],
              [90.377823, 24.827225],
              [90.375964, 24.828205],
              [90.376408, 24.830733],
              [90.379551, 24.835785],
              [90.372673, 24.839198],
              [90.369912, 24.842928],
              [90.365366, 24.845468],
              [90.363541, 24.844027],
              [90.36164, 24.843957],
              [90.360047, 24.840854],
              [90.356957, 24.840281],
              [90.349851, 24.847923],
              [90.346802, 24.847822],
              [90.347406, 24.851363],
              [90.34935, 24.852622],
              [90.348286, 24.854214],
              [90.348253, 24.856709],
              [90.344789, 24.850174],
              [90.344586, 24.848369],
              [90.343002, 24.848517],
              [90.342853, 24.851409],
              [90.344167, 24.854405],
              [90.345319, 24.855233],
              [90.344331, 24.855921],
              [90.34314, 24.855057],
              [90.342114, 24.856252],
              [90.343826, 24.859682],
              [90.345573, 24.860978],
              [90.345377, 24.861882],
              [90.341561, 24.859572],
              [90.341166, 24.860573],
              [90.339445, 24.86011],
              [90.336314, 24.863438],
              [90.333642, 24.863954],
              [90.332912, 24.865358],
              [90.331535, 24.865869],
              [90.328556, 24.873322],
              [90.32413, 24.877007],
              [90.321189, 24.877334],
              [90.3207, 24.874763],
              [90.319035, 24.874622],
              [90.317166, 24.871626],
              [90.30681, 24.879561],
              [90.304203, 24.882456],
              [90.302351, 24.886292],
              [90.297489, 24.890456],
              [90.293886, 24.891257],
              [90.281647, 24.891606],
              [90.268612, 24.890544],
              [90.263225, 24.890877],
              [90.261678, 24.889832],
              [90.257609, 24.894826],
              [90.254837, 24.895228]
            ]
          ]
        ]
      }
    },
    {
      "type": "Feature",
      "properties": { "pcode": "BD45610065" },
      "geometry": {
        "type": "MultiPolygon",
        "coordinates": [
          [
            [
              [90.200953, 24.859181],
              [90.195579, 24.857859],
              [90.19265, 24.857971],
              [90.191418, 24.855588],
              [90.186508, 24.854872],
              [90.189115, 24.851724],
              [90.188583, 24.842944],
              [90.18494, 24.842479],
              [90.181137, 24.840713],
              [90.182478, 24.838],
              [90.184137, 24.836697],
              [90.183894, 24.833697],
              [90.18595, 24.832575],
              [90.1848, 24.831131],
              [90.187963, 24.829535],
              [90.190773, 24.830001],
              [90.190652, 24.828629],
              [90.189108, 24.828233],
              [90.187322, 24.825743],
              [90.185462, 24.825565],
              [90.182223, 24.828822],
              [90.178937, 24.828573],
              [90.178499, 24.826876],
              [90.177667, 24.826588],
              [90.17478, 24.827494],
              [90.173833, 24.829015],
              [90.169953, 24.828008],
              [90.169949, 24.826057],
              [90.167727, 24.822915],
              [90.163091, 24.819596],
              [90.163762, 24.818765],
              [90.16586, 24.818762],
              [90.161936, 24.815441],
              [90.160389, 24.813022],
              [90.162363, 24.81085],
              [90.16287, 24.806478],
              [90.161168, 24.805794],
              [90.159385, 24.80365],
              [90.161708, 24.798166],
              [90.160275, 24.793289],
              [90.159482, 24.792278],
              [90.155525, 24.791815],
              [90.150581, 24.793084],
              [90.144998, 24.7902],
              [90.142859, 24.787137],
              [90.143367, 24.784963],
              [90.140952, 24.783665],
              [90.142374, 24.781963],
              [90.141381, 24.779905],
              [90.135802, 24.779188],
              [90.134779, 24.782695],
              [90.12952, 24.784436],
              [90.129207, 24.786315],
              [90.12731, 24.787836],
              [90.122565, 24.789612],
              [90.121694, 24.789324],
              [90.12181, 24.787624],
              [90.118643, 24.786218],
              [90.11734, 24.787738],
              [90.11382, 24.7885],
              [90.112512, 24.78673],
              [90.113023, 24.784599],
              [90.11231, 24.78366],
              [90.109146, 24.784746],
              [90.106176, 24.782653],
              [90.103407, 24.782257],
              [90.101629, 24.784139],
              [90.099651, 24.784141],
              [90.097397, 24.785373],
              [90.096174, 24.787902],
              [90.091588, 24.790797],
              [90.085652, 24.7899],
              [90.077697, 24.787087],
              [90.080821, 24.78524],
              [90.080344, 24.78347],
              [90.082321, 24.782891],
              [90.084848, 24.77895],
              [90.088012, 24.777645],
              [90.088838, 24.773524],
              [90.093313, 24.768522],
              [90.092721, 24.763774],
              [90.094363, 24.762534],
              [90.094796, 24.761015],
              [90.093616, 24.758168],
              [90.09926, 24.756602],
              [90.098468, 24.755844],
              [90.095265, 24.756239],
              [90.098109, 24.753279],
              [90.097871, 24.752555],
              [90.092096, 24.752488],
              [90.090671, 24.751694],
              [90.090984, 24.748802],
              [90.08995, 24.743962],
              [90.092037, 24.736695],
              [90.109675, 24.736678],
              [90.130439, 24.737958],
              [90.135495, 24.734158],
              [90.135692, 24.733254],
              [90.133949, 24.731594],
              [90.133862, 24.726173],
              [90.12974, 24.719636],
              [90.129024, 24.716999],
              [90.130854, 24.712343],
              [90.133837, 24.709802],
              [90.132921, 24.705935],
              [90.137104, 24.700401],
              [90.136663, 24.69639],
              [90.134717, 24.691042],
              [90.136729, 24.688184],
              [90.139625, 24.686277],
              [90.142962, 24.680046],
              [90.144218, 24.674696],
              [90.143583, 24.672926],
              [90.144766, 24.671261],
              [90.146332, 24.661537],
              [90.144471, 24.659624],
              [90.145056, 24.65525],
              [90.146319, 24.653551],
              [90.150383, 24.651629],
              [90.151607, 24.649425],
              [90.151602, 24.646461],
              [90.149581, 24.643031],
              [90.150521, 24.637753],
              [90.152411, 24.634136],
              [90.148087, 24.623154],
              [90.143227, 24.623197],
              [90.142352, 24.619583],
              [90.139183, 24.6146],
              [90.140801, 24.613549],
              [90.142658, 24.613511],
              [90.143687, 24.614413],
              [90.147164, 24.614699],
              [90.149813, 24.615888],
              [90.150481, 24.613826],
              [90.1534, 24.610859],
              [90.156993, 24.609844],
              [90.158925, 24.607238],
              [90.164094, 24.604196],
              [90.168519, 24.604227],
              [90.171019, 24.610402],
              [90.174299, 24.610976],
              [90.173397, 24.61452],
              [90.174233, 24.617951],
              [90.173645, 24.620374],
              [90.174753, 24.621348],
              [90.176885, 24.620443],
              [90.176259, 24.623695],
              [90.18397, 24.626973],
              [90.183971, 24.627804],
              [90.181525, 24.629796],
              [90.182278, 24.63059],
              [90.185716, 24.631019],
              [90.18576, 24.633403],
              [90.187817, 24.634448],
              [90.186361, 24.63727],
              [90.184618, 24.635177],
              [90.183474, 24.636082],
              [90.185143, 24.641103],
              [90.183724, 24.643164],
              [90.184043, 24.64432],
              [90.181441, 24.647613],
              [90.183264, 24.650359],
              [90.185202, 24.650968],
              [90.189823, 24.649987],
              [90.1888, 24.6523],
              [90.189439, 24.6553],
              [90.19248, 24.654391],
              [90.196791, 24.655866],
              [90.19983, 24.653837],
              [90.200702, 24.655283],
              [90.203194, 24.656508],
              [90.203199, 24.658712],
              [90.204111, 24.66012],
              [90.203613, 24.667964],
              [90.204839, 24.668251],
              [90.206425, 24.670561],
              [90.205558, 24.671502],
              [90.203072, 24.671106],
              [90.201845, 24.67281],
              [90.200947, 24.678051],
              [90.197867, 24.679934],
              [90.198626, 24.683403],
              [90.200167, 24.683257],
              [90.201118, 24.684484],
              [90.213883, 24.682727],
              [90.219735, 24.683911],
              [90.225111, 24.683612],
              [90.226062, 24.684478],
              [90.226184, 24.686286],
              [90.228397, 24.685738],
              [90.22915, 24.686966],
              [90.230811, 24.687035],
              [90.231605, 24.688662],
              [90.233307, 24.689526],
              [90.232244, 24.691298],
              [90.233195, 24.692272],
              [90.232803, 24.69379],
              [90.236166, 24.694941],
              [90.238023, 24.694396],
              [90.243127, 24.696302],
              [90.245931, 24.695139],
              [90.246877, 24.693874],
              [90.245882, 24.691274],
              [90.246316, 24.690513],
              [90.252362, 24.689888],
              [90.253397, 24.692668],
              [90.256204, 24.692736],
              [90.255892, 24.69429],
              [90.256881, 24.694794],
              [90.261111, 24.69457],
              [90.2649, 24.692502],
              [90.266324, 24.692571],
              [90.270089, 24.696177],
              [90.267838, 24.697265],
              [90.267367, 24.698316],
              [90.272067, 24.696607],
              [90.27519, 24.696563],
              [90.277448, 24.698331],
              [90.280097, 24.698505],
              [90.28215, 24.697526],
              [90.28694, 24.699576],
              [90.288927, 24.703401],
              [90.28763, 24.706115],
              [90.28945, 24.706618],
              [90.290724, 24.70983],
              [90.289977, 24.711387],
              [90.290377, 24.713084],
              [90.293348, 24.714813],
              [90.292964, 24.719259],
              [90.2993, 24.722317],
              [90.30013, 24.722207],
              [90.301067, 24.718053],
              [90.309568, 24.717605],
              [90.311077, 24.720925],
              [90.310333, 24.724361],
              [90.310812, 24.726166],
              [90.316188, 24.725288],
              [90.318455, 24.73121],
              [90.319724, 24.73258],
              [90.323638, 24.73221],
              [90.324827, 24.733255],
              [90.32926, 24.73444],
              [90.330097, 24.737292],
              [90.326501, 24.738998],
              [90.326706, 24.742034],
              [90.329321, 24.744124],
              [90.336182, 24.744349],
              [90.334835, 24.748029],
              [90.33445, 24.753464],
              [90.328911, 24.753364],
              [90.325357, 24.758312],
              [90.319044, 24.756512],
              [90.314841, 24.760212],
              [90.3141, 24.763303],
              [90.315313, 24.765377],
              [90.31966, 24.76812],
              [90.319463, 24.772567],
              [90.314792, 24.775299],
              [90.305919, 24.776492],
              [90.30227, 24.780369],
              [90.302047, 24.782664],
              [90.303812, 24.785444],
              [90.30944, 24.788903],
              [90.307508, 24.792375],
              [90.303633, 24.793755],
              [90.301541, 24.796469],
              [90.301664, 24.798133],
              [90.305356, 24.800116],
              [90.30302, 24.801932],
              [90.299792, 24.801279],
              [90.296197, 24.802826],
              [90.292562, 24.802673],
              [90.289658, 24.804291],
              [90.287846, 24.802903],
              [90.285215, 24.804703],
              [90.283592, 24.80339],
              [90.280801, 24.802662],
              [90.278207, 24.804132],
              [90.277207, 24.803908],
              [90.277792, 24.801466],
              [90.273065, 24.801001],
              [90.271833, 24.798403],
              [90.270395, 24.797883],
              [90.26896, 24.801347],
              [90.264496, 24.801373],
              [90.259911, 24.802997],
              [90.25673, 24.801517],
              [90.252035, 24.801986],
              [90.251537, 24.804256],
              [90.247849, 24.806579],
              [90.249343, 24.8099],
              [90.24751, 24.811564],
              [90.240193, 24.803493],
              [90.237446, 24.803161],
              [90.236908, 24.80502],
              [90.243238, 24.812012],
              [90.238139, 24.815118],
              [90.236998, 24.819491],
              [90.237113, 24.829332],
              [90.236205, 24.830779],
              [90.238896, 24.830774],
              [90.238226, 24.832545],
              [90.239476, 24.835892],
              [90.238013, 24.836547],
              [90.23616, 24.84139],
              [90.233588, 24.842153],
              [90.23142, 24.839928],
              [90.232946, 24.836119],
              [90.232349, 24.833952],
              [90.228906, 24.83468],
              [90.227919, 24.831451],
              [90.225998, 24.831354],
              [90.225393, 24.829626],
              [90.223311, 24.829927],
              [90.222675, 24.828618],
              [90.218678, 24.829362],
              [90.218763, 24.831715],
              [90.222205, 24.833697],
              [90.222648, 24.834913],
              [90.217787, 24.850264],
              [90.210869, 24.852629],
              [90.207704, 24.85462],
              [90.202398, 24.853689],
              [90.200619, 24.855642],
              [90.200953, 24.859181]
            ]
          ]
        ]
      }
    },
    {
      "type": "Feature",
      "properties": { "pcode": "BD45610072" },
      "geometry": {
        "type": "MultiPolygon",
        "coordinates": [
          [
            [
              [90.761104, 24.623562],
              [90.758039, 24.624936],
              [90.750004, 24.625477],
              [90.748557, 24.627362],
              [90.740134, 24.627747],
              [90.738494, 24.626446],
              [90.734002, 24.626255],
              [90.73144, 24.624002],
              [90.726698, 24.624526],
              [90.725548, 24.622635],
              [90.721936, 24.621932],
              [90.721365, 24.618004],
              [90.718626, 24.614992],
              [90.714459, 24.612709],
              [90.708642, 24.614911],
              [90.708757, 24.617349],
              [90.703027, 24.618012],
              [90.702444, 24.619507],
              [90.701067, 24.619014],
              [90.70353, 24.624065],
              [90.70282, 24.627491],
              [90.6994, 24.627249],
              [90.698474, 24.629333],
              [90.696132, 24.629166],
              [90.681845, 24.636517],
              [90.6788, 24.636892],
              [90.674264, 24.631042],
              [90.674392, 24.627923],
              [90.672157, 24.626263],
              [90.671687, 24.622289],
              [90.668799, 24.621855],
              [90.666614, 24.620194],
              [90.667985, 24.618289],
              [90.667072, 24.614498],
              [90.665682, 24.613601],
              [90.665123, 24.611165],
              [90.660801, 24.607617],
              [90.662301, 24.602458],
              [90.652207, 24.601227],
              [90.648558, 24.593897],
              [90.646866, 24.592053],
              [90.63392, 24.592298],
              [90.632824, 24.590858],
              [90.629435, 24.59119],
              [90.6248, 24.590263],
              [90.623884, 24.591669],
              [90.619141, 24.591691],
              [90.617727, 24.594908],
              [90.61372, 24.585888],
              [90.61889, 24.582837],
              [90.618681, 24.580804],
              [90.615092, 24.580955],
              [90.615827, 24.579824],
              [90.618541, 24.579221],
              [90.61903, 24.578316],
              [90.616609, 24.578328],
              [90.611892, 24.581536],
              [90.611763, 24.580884],
              [90.614076, 24.579289],
              [90.611057, 24.578401],
              [90.608919, 24.576197],
              [90.603595, 24.578255],
              [90.601164, 24.576731],
              [90.591854, 24.5784],
              [90.590652, 24.575648],
              [90.584867, 24.574998],
              [90.585695, 24.572915],
              [90.583413, 24.571389],
              [90.582609, 24.568953],
              [90.58837, 24.565447],
              [90.588014, 24.563687],
              [90.590023, 24.560875],
              [90.588835, 24.560383],
              [90.586368, 24.560937],
              [90.583995, 24.562644],
              [90.582436, 24.559013],
              [90.580611, 24.559565],
              [90.578845, 24.561696],
              [90.574757, 24.564019],
              [90.57294, 24.566063],
              [90.571971, 24.569275],
              [90.569307, 24.5701],
              [90.567177, 24.56925],
              [90.568741, 24.56599],
              [90.568242, 24.565089],
              [90.566609, 24.564779],
              [90.567438, 24.562697],
              [90.56931, 24.561877],
              [90.569255, 24.560791],
              [90.560405, 24.559657],
              [90.558283, 24.560073],
              [90.557799, 24.561881],
              [90.558662, 24.56608],
              [90.558705, 24.573944],
              [90.557872, 24.575121],
              [90.556638, 24.575444],
              [90.552331, 24.573837],
              [90.541551, 24.572437],
              [90.538805, 24.572808],
              [90.538405, 24.57611],
              [90.534747, 24.575088],
              [90.530812, 24.575056],
              [90.52939, 24.579041],
              [90.52317, 24.588311],
              [90.522611, 24.585261],
              [90.519015, 24.580452],
              [90.518952, 24.57763],
              [90.520493, 24.572484],
              [90.52014, 24.570275],
              [90.517964, 24.568695],
              [90.514678, 24.568191],
              [90.514992, 24.553447],
              [90.516715, 24.548781],
              [90.517527, 24.543502],
              [90.519972, 24.54299],
              [90.52206, 24.541212],
              [90.529768, 24.530161],
              [90.53315, 24.528421],
              [90.538146, 24.523238],
              [90.540661, 24.519977],
              [90.543741, 24.513048],
              [90.547669, 24.512458],
              [90.55641, 24.506488],
              [90.563407, 24.50446],
              [90.566577, 24.496593],
              [90.575504, 24.485477],
              [90.575, 24.484615],
              [90.57573, 24.482183],
              [90.583383, 24.485923],
              [90.584553, 24.489443],
              [90.583652, 24.494431],
              [90.588459, 24.494452],
              [90.590507, 24.497513],
              [90.593615, 24.497677],
              [90.595504, 24.498828],
              [90.596671, 24.497109],
              [90.598314, 24.496987],
              [90.604976, 24.499101],
              [90.61, 24.49721],
              [90.61655, 24.495957],
              [90.617494, 24.495169],
              [90.617693, 24.492197],
              [90.622733, 24.48956],
              [90.628666, 24.482518],
              [90.631472, 24.480293],
              [90.632986, 24.480079],
              [90.636591, 24.481581],
              [90.637963, 24.481047],
              [90.636698, 24.476912],
              [90.637412, 24.476209],
              [90.642482, 24.476223],
              [90.646347, 24.478011],
              [90.648381, 24.478088],
              [90.649957, 24.476945],
              [90.650805, 24.474528],
              [90.655406, 24.474991],
              [90.658432, 24.474285],
              [90.65966, 24.473282],
              [90.659696, 24.471112],
              [90.662847, 24.469741],
              [90.664558, 24.467065],
              [90.672118, 24.468111],
              [90.678973, 24.466901],
              [90.681155, 24.468517],
              [90.682071, 24.47276],
              [90.6819, 24.476872],
              [90.679689, 24.478555],
              [90.679356, 24.480501],
              [90.679953, 24.481266],
              [90.682569, 24.481116],
              [90.683463, 24.481835],
              [90.685719, 24.4872],
              [90.685533, 24.488917],
              [90.681996, 24.491783],
              [90.683781, 24.492949],
              [90.682012, 24.494268],
              [90.68187, 24.495172],
              [90.68321, 24.49616],
              [90.681734, 24.497117],
              [90.683812, 24.497785],
              [90.682537, 24.499145],
              [90.684315, 24.499137],
              [90.682693, 24.500276],
              [90.682798, 24.501359],
              [90.686945, 24.502145],
              [90.687075, 24.5059],
              [90.688368, 24.507385],
              [90.690297, 24.507825],
              [90.692564, 24.507137],
              [90.694548, 24.508526],
              [90.696773, 24.508832],
              [90.697085, 24.511133],
              [90.70269, 24.514945],
              [90.704168, 24.514349],
              [90.705243, 24.512671],
              [90.704971, 24.508832],
              [90.705742, 24.505891],
              [90.704508, 24.498667],
              [90.708942, 24.498373],
              [90.7108, 24.494341],
              [90.710348, 24.493214],
              [90.7139, 24.492651],
              [90.714673, 24.490207],
              [90.715958, 24.490336],
              [90.716574, 24.486538],
              [90.717359, 24.485764],
              [90.716788, 24.481565],
              [90.717506, 24.478218],
              [90.71843, 24.476134],
              [90.721132, 24.47413],
              [90.722041, 24.470425],
              [90.723309, 24.474797],
              [90.729294, 24.476482],
              [90.729859, 24.479685],
              [90.731856, 24.482929],
              [90.735774, 24.485436],
              [90.735453, 24.489098],
              [90.737977, 24.489944],
              [90.74163, 24.496927],
              [90.74193, 24.504516],
              [90.742994, 24.508442],
              [90.74418, 24.508705],
              [90.746642, 24.507652],
              [90.752582, 24.502558],
              [90.754957, 24.503221],
              [90.754126, 24.504402],
              [90.755116, 24.504713],
              [90.754788, 24.5072],
              [90.757117, 24.50836],
              [90.757885, 24.512242],
              [90.759156, 24.510427],
              [90.765775, 24.510615],
              [90.770799, 24.508734],
              [90.777069, 24.508607],
              [90.779501, 24.510175],
              [90.784487, 24.509964],
              [90.788628, 24.508989],
              [90.790101, 24.507805],
              [90.793509, 24.508011],
              [90.794153, 24.514876],
              [90.792923, 24.515517],
              [90.791855, 24.518098],
              [90.793595, 24.51967],
              [90.795118, 24.518576],
              [90.796947, 24.518837],
              [90.798638, 24.527049],
              [90.803995, 24.530091],
              [90.803964, 24.532574],
              [90.80108, 24.53666],
              [90.8014, 24.53982],
              [90.803363, 24.544779],
              [90.804255, 24.545225],
              [90.806863, 24.543854],
              [90.807186, 24.54078],
              [90.806233, 24.538843],
              [90.808759, 24.539776],
              [90.809233, 24.543749],
              [90.810885, 24.546721],
              [90.808579, 24.548815],
              [90.81158, 24.55372],
              [90.814467, 24.556504],
              [90.813997, 24.55976],
              [90.80998, 24.56444],
              [90.813066, 24.567403],
              [90.814021, 24.569611],
              [90.819775, 24.572603],
              [90.820528, 24.574181],
              [90.819951, 24.576307],
              [90.822344, 24.579003],
              [90.820865, 24.586017],
              [90.818298, 24.585183],
              [90.816266, 24.585547],
              [90.817323, 24.581566],
              [90.81647, 24.579945],
              [90.812665, 24.579877],
              [90.809978, 24.58396],
              [90.807317, 24.584925],
              [90.805777, 24.583714],
              [90.809857, 24.580933],
              [90.808211, 24.57891],
              [90.802914, 24.577496],
              [90.799804, 24.577921],
              [90.79805, 24.574589],
              [90.793471, 24.57674],
              [90.793528, 24.577778],
              [90.795962, 24.579572],
              [90.796433, 24.583139],
              [90.791084, 24.581408],
              [90.789372, 24.583722],
              [90.793344, 24.586456],
              [90.793508, 24.588534],
              [90.796552, 24.592582],
              [90.794813, 24.604612],
              [90.784255, 24.607159],
              [90.781067, 24.610522],
              [90.779904, 24.613601],
              [90.776606, 24.615564],
              [90.775608, 24.614215],
              [90.777129, 24.61276],
              [90.777562, 24.610994],
              [90.775263, 24.607574],
              [90.770612, 24.606833],
              [90.764643, 24.608315],
              [90.758564, 24.60835],
              [90.759495, 24.621176],
              [90.761272, 24.621748],
              [90.761104, 24.623562]
            ]
          ]
        ]
      }
    },
    {
      "type": "Feature",
      "properties": { "pcode": "BD45610081" },
      "geometry": {
        "type": "MultiPolygon",
        "coordinates": [
          [
            [
              [90.289845, 25.021692],
              [90.281638, 25.021879],
              [90.280868, 25.021086],
              [90.281196, 25.018655],
              [90.278011, 25.016276],
              [90.275847, 25.013318],
              [90.271934, 25.01085],
              [90.265, 25.013538],
              [90.256276, 25.013554],
              [90.252115, 25.01515],
              [90.244575, 25.012198],
              [90.243147, 25.01236],
              [90.240253, 24.994725],
              [90.235044, 24.989532],
              [90.233171, 24.986535],
              [90.235406, 24.984628],
              [90.236512, 24.98572],
              [90.236828, 24.98503],
              [90.229702, 24.978105],
              [90.228531, 24.976063],
              [90.229221, 24.972681],
              [90.230425, 24.97057],
              [90.231598, 24.970187],
              [90.231303, 24.968723],
              [90.230393, 24.969054],
              [90.230495, 24.966745],
              [90.236713, 24.964098],
              [90.239063, 24.969768],
              [90.244409, 24.967447],
              [90.242375, 24.964963],
              [90.241799, 24.96237],
              [90.249085, 24.96056],
              [90.253958, 24.957809],
              [90.257205, 24.95257],
              [90.259107, 24.945922],
              [90.255162, 24.946267],
              [90.247781, 24.945379],
              [90.242718, 24.947717],
              [90.238264, 24.948506],
              [90.232978, 24.945845],
              [90.232278, 24.941925],
              [90.234124, 24.938666],
              [90.237056, 24.936835],
              [90.236974, 24.933955],
              [90.2418, 24.932253],
              [90.241954, 24.929905],
              [90.245875, 24.928959],
              [90.247376, 24.926462],
              [90.243391, 24.915915],
              [90.242823, 24.909168],
              [90.240719, 24.906848],
              [90.241764, 24.906187],
              [90.239283, 24.902407],
              [90.240187, 24.89861],
              [90.241371, 24.89673],
              [90.244459, 24.895894],
              [90.2508, 24.896644],
              [90.25266, 24.896208],
              [90.253335, 24.896893],
              [90.254837, 24.895228],
              [90.257609, 24.894826],
              [90.261678, 24.889832],
              [90.263225, 24.890877],
              [90.268612, 24.890544],
              [90.281647, 24.891606],
              [90.29646, 24.890855],
              [90.299032, 24.889586],
              [90.302351, 24.886292],
              [90.304203, 24.882456],
              [90.30681, 24.879561],
              [90.316968, 24.871698],
              [90.31788, 24.871986],
              [90.319035, 24.874622],
              [90.3207, 24.874763],
              [90.321189, 24.877334],
              [90.323333, 24.877341],
              [90.325769, 24.876044],
              [90.329377, 24.872121],
              [90.331535, 24.865869],
              [90.334438, 24.863478],
              [90.336314, 24.863438],
              [90.339445, 24.86011],
              [90.341166, 24.860573],
              [90.341561, 24.859572],
              [90.34363, 24.860328],
              [90.344981, 24.861919],
              [90.35069, 24.864075],
              [90.356471, 24.868065],
              [90.35544, 24.868595],
              [90.353626, 24.873156],
              [90.357296, 24.873353],
              [90.358129, 24.872396],
              [90.357645, 24.87083],
              [90.358593, 24.870125],
              [90.363509, 24.87343],
              [90.367866, 24.872943],
              [90.370588, 24.870417],
              [90.371761, 24.874525],
              [90.372522, 24.875011],
              [90.375011, 24.872533],
              [90.379848, 24.872965],
              [90.380798, 24.876334],
              [90.38017, 24.881174],
              [90.376901, 24.887361],
              [90.373307, 24.890658],
              [90.371053, 24.891711],
              [90.37186, 24.89648],
              [90.369247, 24.8971],
              [90.36465, 24.896315],
              [90.361566, 24.898383],
              [90.360936, 24.89983],
              [90.361974, 24.902356],
              [90.360556, 24.905216],
              [90.360719, 24.906588],
              [90.364891, 24.91059],
              [90.364657, 24.911999],
              [90.365374, 24.913009],
              [90.364663, 24.913986],
              [90.368161, 24.91752],
              [90.372396, 24.916353],
              [90.373105, 24.915051],
              [90.374735, 24.91653],
              [90.379088, 24.91789],
              [90.381348, 24.91669],
              [90.384729, 24.917079],
              [90.389776, 24.915641],
              [90.390707, 24.920055],
              [90.392755, 24.922101],
              [90.392728, 24.925296],
              [90.397571, 24.923924],
              [90.400728, 24.924273],
              [90.408985, 24.921938],
              [90.410338, 24.922302],
              [90.412127, 24.92547],
              [90.420417, 24.92362],
              [90.426242, 24.923452],
              [90.430841, 24.928462],
              [90.434855, 24.930115],
              [90.438834, 24.928396],
              [90.439147, 24.92453],
              [90.441451, 24.924559],
              [90.443687, 24.922263],
              [90.447214, 24.924357],
              [90.449872, 24.922638],
              [90.455702, 24.924361],
              [90.460667, 24.92358],
              [90.459686, 24.926936],
              [90.45443, 24.929384],
              [90.455226, 24.932912],
              [90.454276, 24.935299],
              [90.453105, 24.935057],
              [90.452354, 24.933242],
              [90.451562, 24.933052],
              [90.4494, 24.936375],
              [90.440048, 24.938763],
              [90.435292, 24.943369],
              [90.43487, 24.947127],
              [90.437008, 24.94647],
              [90.43796, 24.946976],
              [90.437086, 24.952628],
              [90.437473, 24.954674],
              [90.439497, 24.95539],
              [90.440453, 24.956905],
              [90.440548, 24.961025],
              [90.444203, 24.963364],
              [90.450705, 24.963923],
              [90.453397, 24.963011],
              [90.454914, 24.965935],
              [90.460334, 24.964968],
              [90.463536, 24.961029],
              [90.464447, 24.960993],
              [90.465842, 24.962939],
              [90.471106, 24.961044],
              [90.47681, 24.960267],
              [90.483448, 24.965016],
              [90.483881, 24.964365],
              [90.480533, 24.959461],
              [90.482625, 24.95725],
              [90.484409, 24.957606],
              [90.485667, 24.955001],
              [90.488996, 24.95499],
              [90.494262, 24.953636],
              [90.503077, 24.948224],
              [90.50565, 24.947384],
              [90.510073, 24.950891],
              [90.513909, 24.951375],
              [90.513166, 24.953538],
              [90.5134, 24.962103],
              [90.515784, 24.963323],
              [90.516529, 24.970945],
              [90.517855, 24.975133],
              [90.522623, 24.977792],
              [90.524059, 24.979629],
              [90.523509, 24.980933],
              [90.52216, 24.980575],
              [90.517905, 24.977483],
              [90.516055, 24.980488],
              [90.513829, 24.979231],
              [90.511988, 24.98415],
              [90.512595, 24.987257],
              [90.511885, 24.988126],
              [90.509901, 24.987736],
              [90.507434, 24.985358],
              [90.504581, 24.985873],
              [90.50407, 24.98685],
              [90.506547, 24.991396],
              [90.506531, 24.996853],
              [90.503089, 24.998634],
              [90.502779, 25.000372],
              [90.503734, 25.00138],
              [90.503941, 25.00333],
              [90.49395, 25.00358],
              [90.493003, 25.004631],
              [90.493213, 25.007375],
              [90.495324, 25.009755],
              [90.495926, 25.011631],
              [90.498827, 25.013066],
              [90.49939, 25.014909],
              [90.501216, 25.015481],
              [90.502402, 25.01461],
              [90.503634, 25.015328],
              [90.503721, 25.017098],
              [90.504915, 25.018361],
              [90.501632, 25.020142],
              [90.500275, 25.019521],
              [90.489984, 25.021626],
              [90.485481, 25.020333],
              [90.482122, 25.016937],
              [90.482043, 25.014537],
              [90.484295, 25.009602],
              [90.48157, 25.005711],
              [90.47881, 25.007678],
              [90.4751, 25.00871],
              [90.473431, 25.013138],
              [90.468937, 25.009463],
              [90.464781, 25.009108],
              [90.461121, 25.007675],
              [90.447158, 25.014511],
              [90.446656, 25.013388],
              [90.450355, 25.008315],
              [90.447552, 25.001261],
              [90.446021, 25.00111],
              [90.44453, 25.005032],
              [90.441531, 25.007572],
              [90.439709, 25.007336],
              [90.435617, 25.004442],
              [90.430529, 25.004513],
              [90.429871, 25.001745],
              [90.433443, 24.996036],
              [90.433272, 24.993469],
              [90.423713, 24.997023],
              [90.42263, 24.996841],
              [90.418773, 24.991605],
              [90.417215, 24.987115],
              [90.415131, 24.987339],
              [90.413903, 24.991447],
              [90.410879, 24.991657],
              [90.409937, 24.986875],
              [90.403914, 24.987551],
              [90.403505, 24.991957],
              [90.3992, 24.992269],
              [90.398566, 24.996402],
              [90.393477, 24.99472],
              [90.393349, 24.998443],
              [90.394876, 25.00433],
              [90.389201, 25.008686],
              [90.388321, 25.005905],
              [90.387527, 25.00569],
              [90.383531, 25.008665],
              [90.379442, 25.007012],
              [90.37826, 25.00969],
              [90.376912, 25.00973],
              [90.376078, 25.00919],
              [90.37452, 25.004227],
              [90.373368, 25.004121],
              [90.371642, 25.006474],
              [90.369168, 25.006791],
              [90.367672, 25.004901],
              [90.367896, 25.002401],
              [90.362271, 25.002399],
              [90.360845, 25.001761],
              [90.358804, 24.998775],
              [90.358795, 24.994946],
              [90.35774, 24.993668],
              [90.354783, 24.993903],
              [90.350009, 24.991977],
              [90.347013, 24.993059],
              [90.34494, 24.992413],
              [90.342192, 24.992745],
              [90.339947, 24.994181],
              [90.343482, 24.994076],
              [90.342819, 24.999968],
              [90.341322, 25.000882],
              [90.33624, 24.996565],
              [90.333532, 24.998524],
              [90.333284, 24.999599],
              [90.336931, 25.001282],
              [90.337076, 25.001998],
              [90.33526, 25.003923],
              [90.332906, 25.004904],
              [90.329477, 25.004846],
              [90.328899, 25.001919],
              [90.32761, 25.000784],
              [90.3232, 25.001254],
              [90.319306, 24.997828],
              [90.317799, 24.997832],
              [90.313284, 25.000191],
              [90.311633, 25.005833],
              [90.310565, 25.007063],
              [90.301087, 25.006541],
              [90.29863, 25.007449],
              [90.298395, 25.008569],
              [90.300261, 25.009324],
              [90.301151, 25.01065],
              [90.299802, 25.012291],
              [90.299119, 25.016219],
              [90.298286, 25.016306],
              [90.296854, 25.014329],
              [90.293025, 25.014998],
              [90.292508, 25.011127],
              [90.289748, 25.011298],
              [90.287238, 25.013404],
              [90.284874, 25.013226],
              [90.28566, 25.01634],
              [90.284546, 25.020077],
              [90.289845, 25.021692]
            ]
          ]
        ]
      }
    },
    {
      "type": "Feature",
      "properties": { "pcode": "BD45610088" },
      "geometry": {
        "type": "MultiPolygon",
        "coordinates": [
          [
            [
              [90.46066, 24.964725],
              [90.454914, 24.965935],
              [90.453397, 24.963011],
              [90.450705, 24.963923],
              [90.443766, 24.963257],
              [90.440548, 24.961025],
              [90.440453, 24.956905],
              [90.439497, 24.95539],
              [90.437473, 24.954674],
              [90.437086, 24.952628],
              [90.43796, 24.946976],
              [90.437008, 24.94647],
              [90.43487, 24.947127],
              [90.43494, 24.944526],
              [90.435849, 24.942568],
              [90.438942, 24.939486],
              [90.4494, 24.936375],
              [90.451562, 24.933052],
              [90.452354, 24.933242],
              [90.453105, 24.935057],
              [90.454276, 24.935299],
              [90.455226, 24.932912],
              [90.45443, 24.929384],
              [90.459686, 24.926936],
              [90.460667, 24.92358],
              [90.455702, 24.924361],
              [90.449872, 24.922638],
              [90.447214, 24.924357],
              [90.443687, 24.922263],
              [90.441451, 24.924559],
              [90.439147, 24.92453],
              [90.438834, 24.928396],
              [90.434855, 24.930115],
              [90.430841, 24.928462],
              [90.426242, 24.923452],
              [90.420417, 24.92362],
              [90.412127, 24.92547],
              [90.410338, 24.922302],
              [90.408985, 24.921938],
              [90.400728, 24.924273],
              [90.397571, 24.923924],
              [90.392728, 24.925296],
              [90.392755, 24.922101],
              [90.390707, 24.920055],
              [90.389776, 24.915641],
              [90.384729, 24.917079],
              [90.381348, 24.91669],
              [90.379088, 24.91789],
              [90.374735, 24.91653],
              [90.373105, 24.915051],
              [90.372396, 24.916353],
              [90.368161, 24.91752],
              [90.364663, 24.913986],
              [90.365374, 24.913009],
              [90.364657, 24.911999],
              [90.364891, 24.91059],
              [90.360719, 24.906588],
              [90.360556, 24.905216],
              [90.361974, 24.902356],
              [90.360936, 24.89983],
              [90.361566, 24.898383],
              [90.36465, 24.896315],
              [90.369247, 24.8971],
              [90.37186, 24.89648],
              [90.371053, 24.891711],
              [90.373307, 24.890658],
              [90.376901, 24.887361],
              [90.38017, 24.881174],
              [90.380798, 24.876334],
              [90.38023, 24.87398],
              [90.379848, 24.872965],
              [90.375011, 24.872533],
              [90.372522, 24.875011],
              [90.371761, 24.874525],
              [90.370898, 24.870572],
              [90.370192, 24.870404],
              [90.367866, 24.872943],
              [90.363509, 24.87343],
              [90.358168, 24.870183],
              [90.357645, 24.87083],
              [90.358129, 24.872396],
              [90.357296, 24.873353],
              [90.353626, 24.873156],
              [90.35544, 24.868595],
              [90.356471, 24.868065],
              [90.35069, 24.864075],
              [90.345377, 24.861882],
              [90.345573, 24.860978],
              [90.343826, 24.859682],
              [90.342114, 24.856252],
              [90.34314, 24.855057],
              [90.344331, 24.855921],
              [90.345319, 24.855233],
              [90.34361, 24.853322],
              [90.342647, 24.848951],
              [90.344586, 24.848369],
              [90.344789, 24.850174],
              [90.348253, 24.856709],
              [90.348286, 24.854214],
              [90.34935, 24.852622],
              [90.347406, 24.851363],
              [90.346802, 24.847822],
              [90.349851, 24.847923],
              [90.356957, 24.840281],
              [90.360047, 24.840854],
              [90.36164, 24.843957],
              [90.363541, 24.844027],
              [90.365366, 24.845468],
              [90.369912, 24.842928],
              [90.372673, 24.839198],
              [90.379551, 24.835785],
              [90.376408, 24.830733],
              [90.375964, 24.828205],
              [90.377823, 24.827225],
              [90.378726, 24.824981],
              [90.380699, 24.823061],
              [90.385883, 24.822037],
              [90.388629, 24.826547],
              [90.389851, 24.827158],
              [90.404056, 24.82062],
              [90.409594, 24.821217],
              [90.41291, 24.818354],
              [90.418327, 24.816244],
              [90.420378, 24.814107],
              [90.427577, 24.812605],
              [90.439188, 24.804839],
              [90.440722, 24.803502],
              [90.441747, 24.80111],
              [90.447272, 24.796687],
              [90.45259, 24.789805],
              [90.453818, 24.789909],
              [90.454447, 24.788932],
              [90.46244, 24.788294],
              [90.468123, 24.783977],
              [90.468116, 24.78206],
              [90.46986, 24.78278],
              [90.478556, 24.780151],
              [90.489296, 24.773865],
              [90.491313, 24.773569],
              [90.493245, 24.771865],
              [90.495664, 24.772943],
              [90.496897, 24.774528],
              [90.497608, 24.774128],
              [90.499142, 24.771956],
              [90.503325, 24.769086],
              [90.505078, 24.762286],
              [90.50661, 24.759608],
              [90.506318, 24.755849],
              [90.508169, 24.753929],
              [90.504666, 24.748953],
              [90.501304, 24.749181],
              [90.500311, 24.748173],
              [90.501019, 24.747084],
              [90.500774, 24.74546],
              [90.501841, 24.745023],
              [90.501376, 24.74348],
              [90.50271, 24.74146],
              [90.500899, 24.737076],
              [90.50247, 24.7365],
              [90.504653, 24.739634],
              [90.509642, 24.740701],
              [90.515327, 24.746038],
              [90.51664, 24.749062],
              [90.518107, 24.749599],
              [90.518671, 24.752018],
              [90.520091, 24.751073],
              [90.519187, 24.748906],
              [90.5252, 24.748523],
              [90.527735, 24.749309],
              [90.529885, 24.752411],
              [90.529039, 24.757979],
              [90.530518, 24.76148],
              [90.528645, 24.767594],
              [90.528736, 24.770159],
              [90.524948, 24.772665],
              [90.528345, 24.780568],
              [90.528021, 24.782379],
              [90.528778, 24.783496],
              [90.530837, 24.783816],
              [90.536171, 24.781702],
              [90.539727, 24.78122],
              [90.541993, 24.779147],
              [90.544723, 24.779067],
              [90.547421, 24.780574],
              [90.550464, 24.788152],
              [90.549738, 24.788846],
              [90.550614, 24.798599],
              [90.547943, 24.799544],
              [90.547788, 24.800557],
              [90.549817, 24.802827],
              [90.549664, 24.803948],
              [90.551851, 24.806254],
              [90.552215, 24.80795],
              [90.553602, 24.80827],
              [90.555043, 24.811663],
              [90.553543, 24.812752],
              [90.552805, 24.815717],
              [90.551185, 24.816482],
              [90.551636, 24.820022],
              [90.550334, 24.82093],
              [90.550405, 24.822046],
              [90.549025, 24.823576],
              [90.544386, 24.827493],
              [90.543632, 24.82717],
              [90.543665, 24.825723],
              [90.542239, 24.825475],
              [90.537697, 24.828201],
              [90.53814, 24.829719],
              [90.541276, 24.831586],
              [90.543425, 24.834073],
              [90.543434, 24.835693],
              [90.537429, 24.833554],
              [90.528563, 24.83438],
              [90.526231, 24.835219],
              [90.524238, 24.837824],
              [90.519767, 24.83849],
              [90.520652, 24.841812],
              [90.525853, 24.844975],
              [90.52912, 24.849626],
              [90.529773, 24.852132],
              [90.528464, 24.85353],
              [90.528471, 24.855266],
              [90.52391, 24.853438],
              [90.52308, 24.85391],
              [90.520213, 24.859594],
              [90.521011, 24.860783],
              [90.520984, 24.863745],
              [90.523492, 24.866809],
              [90.527892, 24.867663],
              [90.530319, 24.870665],
              [90.522642, 24.875237],
              [90.521425, 24.877806],
              [90.522203, 24.88373],
              [90.521732, 24.884671],
              [90.520351, 24.886012],
              [90.514343, 24.888703],
              [90.516025, 24.893471],
              [90.522085, 24.893272],
              [90.52419, 24.894493],
              [90.52811, 24.894045],
              [90.532928, 24.890849],
              [90.53574, 24.890623],
              [90.53498, 24.894417],
              [90.533522, 24.896229],
              [90.535353, 24.898209],
              [90.539678, 24.899713],
              [90.53969, 24.902494],
              [90.538592, 24.905029],
              [90.54185, 24.907257],
              [90.540283, 24.911238],
              [90.538663, 24.912111],
              [90.53919, 24.914819],
              [90.538326, 24.916483],
              [90.537218, 24.916776],
              [90.536144, 24.915986],
              [90.53401, 24.917077],
              [90.53494, 24.921266],
              [90.536135, 24.922743],
              [90.5352, 24.926433],
              [90.534172, 24.927051],
              [90.537435, 24.93004],
              [90.537084, 24.931269],
              [90.539957, 24.933423],
              [90.544663, 24.933628],
              [90.543641, 24.935619],
              [90.545152, 24.936661],
              [90.545196, 24.937564],
              [90.543336, 24.939016],
              [90.539044, 24.939478],
              [90.536148, 24.943266],
              [90.532275, 24.942489],
              [90.530913, 24.943634],
              [90.528585, 24.942128],
              [90.526727, 24.942265],
              [90.525896, 24.944684],
              [90.527143, 24.94537],
              [90.529085, 24.944752],
              [90.530721, 24.945295],
              [90.530274, 24.947899],
              [90.5326, 24.951623],
              [90.528815, 24.953754],
              [90.527915, 24.953123],
              [90.527223, 24.950102],
              [90.518173, 24.945355],
              [90.517107, 24.946268],
              [90.517271, 24.950029],
              [90.516547, 24.951167],
              [90.511091, 24.951306],
              [90.505531, 24.947385],
              [90.494855, 24.953381],
              [90.488996, 24.95499],
              [90.485667, 24.955001],
              [90.484409, 24.957606],
              [90.482625, 24.95725],
              [90.480533, 24.959461],
              [90.483881, 24.964365],
              [90.483448, 24.965016],
              [90.47681, 24.960267],
              [90.471106, 24.961044],
              [90.465842, 24.962939],
              [90.464447, 24.960993],
              [90.463536, 24.961029],
              [90.46066, 24.964725]
            ]
          ]
        ]
      }
    },
    {
      "type": "Feature",
      "properties": { "pcode": "BD45610094" },
      "geometry": {
        "type": "MultiPolygon",
        "coordinates": [
          [
            [
              [90.363131, 24.678063],
              [90.358824, 24.678543],
              [90.351308, 24.676607],
              [90.348061, 24.674339],
              [90.345553, 24.674381],
              [90.34531, 24.670013],
              [90.340994, 24.665577],
              [90.327386, 24.664937],
              [90.326041, 24.664565],
              [90.324737, 24.662842],
              [90.325665, 24.660325],
              [90.332166, 24.656157],
              [90.332219, 24.653729],
              [90.330287, 24.651898],
              [90.33036, 24.650189],
              [90.332898, 24.646119],
              [90.333586, 24.643166],
              [90.334405, 24.643207],
              [90.335428, 24.641889],
              [90.337298, 24.642309],
              [90.338526, 24.641087],
              [90.337863, 24.63863],
              [90.338276, 24.63685],
              [90.341048, 24.634816],
              [90.344819, 24.635611],
              [90.347099, 24.633978],
              [90.346748, 24.631588],
              [90.348352, 24.629913],
              [90.348579, 24.627779],
              [90.350751, 24.624012],
              [90.349605, 24.622823],
              [90.352973, 24.621042],
              [90.351167, 24.617879],
              [90.352458, 24.615828],
              [90.353249, 24.615318],
              [90.355147, 24.616693],
              [90.357417, 24.616347],
              [90.358748, 24.61386],
              [90.360223, 24.613649],
              [90.358506, 24.611363],
              [90.359092, 24.607553],
              [90.356522, 24.603635],
              [90.356358, 24.60105],
              [90.350207, 24.596915],
              [90.350356, 24.595776],
              [90.349145, 24.594862],
              [90.34986, 24.593627],
              [90.348447, 24.591455],
              [90.34381, 24.590142],
              [90.342082, 24.589037],
              [90.341689, 24.587878],
              [90.339218, 24.588071],
              [90.338872, 24.585464],
              [90.336386, 24.584142],
              [90.336827, 24.581853],
              [90.335584, 24.579167],
              [90.337455, 24.579023],
              [90.337932, 24.577523],
              [90.341489, 24.57788],
              [90.3422, 24.570507],
              [90.339378, 24.567607],
              [90.332027, 24.568288],
              [90.327033, 24.567799],
              [90.326576, 24.56664],
              [90.32403, 24.564984],
              [90.326191, 24.558422],
              [90.326269, 24.553274],
              [90.323086, 24.550955],
              [90.322809, 24.549048],
              [90.323626, 24.546736],
              [90.326028, 24.544263],
              [90.326394, 24.542192],
              [90.330202, 24.54173],
              [90.330834, 24.539263],
              [90.333148, 24.540689],
              [90.338911, 24.539938],
              [90.340261, 24.538849],
              [90.343322, 24.538968],
              [90.345185, 24.536065],
              [90.344637, 24.532686],
              [90.343682, 24.531121],
              [90.342155, 24.531653],
              [90.337223, 24.530843],
              [90.337258, 24.528582],
              [90.335658, 24.528064],
              [90.334506, 24.525269],
              [90.335531, 24.521146],
              [90.335309, 24.518871],
              [90.330697, 24.518581],
              [90.326869, 24.516951],
              [90.323073, 24.51011],
              [90.322524, 24.508783],
              [90.323062, 24.50596],
              [90.321059, 24.503307],
              [90.321232, 24.499987],
              [90.322138, 24.499486],
              [90.323036, 24.495831],
              [90.322127, 24.495002],
              [90.323395, 24.494336],
              [90.323754, 24.493007],
              [90.322118, 24.491351],
              [90.322101, 24.484875],
              [90.321555, 24.484211],
              [90.318294, 24.486044],
              [90.310127, 24.485397],
              [90.309037, 24.484736],
              [90.305592, 24.485406],
              [90.301412, 24.48276],
              [90.300866, 24.48193],
              [90.301222, 24.479107],
              [90.298857, 24.476454],
              [90.295953, 24.475796],
              [90.294146, 24.47295],
              [90.296983, 24.470853],
              [90.298582, 24.46791],
              [90.301653, 24.465355],
              [90.303999, 24.46486],
              [90.307002, 24.466848],
              [90.308082, 24.465909],
              [90.309468, 24.468279],
              [90.314152, 24.468759],
              [90.317729, 24.472313],
              [90.318818, 24.471373],
              [90.320796, 24.471554],
              [90.324356, 24.467954],
              [90.327363, 24.471737],
              [90.332398, 24.472803],
              [90.333459, 24.472017],
              [90.333346, 24.469567],
              [90.337752, 24.462632],
              [90.341496, 24.461285],
              [90.345842, 24.458437],
              [90.349033, 24.461268],
              [90.354602, 24.462269],
              [90.35695, 24.460238],
              [90.35944, 24.459546],
              [90.362885, 24.456317],
              [90.364572, 24.457083],
              [90.364387, 24.454961],
              [90.368, 24.456463],
              [90.370728, 24.463797],
              [90.372944, 24.464837],
              [90.378028, 24.470246],
              [90.379819, 24.470112],
              [90.378629, 24.46858],
              [90.380162, 24.467987],
              [90.380793, 24.471277],
              [90.384238, 24.470657],
              [90.384766, 24.468172],
              [90.387126, 24.467023],
              [90.388855, 24.460846],
              [90.388134, 24.458364],
              [90.388803, 24.458102],
              [90.392074, 24.465769],
              [90.391513, 24.468807],
              [90.390584, 24.468581],
              [90.38977, 24.470577],
              [90.394524, 24.473046],
              [90.396495, 24.47585],
              [90.400205, 24.475219],
              [90.402311, 24.477659],
              [90.406567, 24.47811],
              [90.407819, 24.479184],
              [90.413168, 24.477733],
              [90.413018, 24.475643],
              [90.4148, 24.47469],
              [90.419151, 24.47396],
              [90.424176, 24.471658],
              [90.428118, 24.466095],
              [90.428959, 24.461521],
              [90.43216, 24.458344],
              [90.431286, 24.453218],
              [90.432778, 24.451155],
              [90.442562, 24.45361],
              [90.451513, 24.45208],
              [90.453945, 24.453642],
              [90.456385, 24.457324],
              [90.456962, 24.458989],
              [90.45575, 24.459448],
              [90.456859, 24.461804],
              [90.449695, 24.465575],
              [90.444805, 24.469979],
              [90.444409, 24.472192],
              [90.445745, 24.475665],
              [90.441868, 24.477709],
              [90.441439, 24.479733],
              [90.441296, 24.48508],
              [90.441969, 24.48609],
              [90.445168, 24.487022],
              [90.452344, 24.484833],
              [90.453641, 24.485687],
              [90.451714, 24.491207],
              [90.448852, 24.494627],
              [90.452079, 24.498008],
              [90.450053, 24.504167],
              [90.451011, 24.505718],
              [90.445693, 24.506639],
              [90.444236, 24.507871],
              [90.444359, 24.50968],
              [90.447521, 24.511188],
              [90.447881, 24.513641],
              [90.449544, 24.51476],
              [90.448382, 24.523181],
              [90.452689, 24.525013],
              [90.458688, 24.524347],
              [90.464364, 24.521584],
              [90.465308, 24.520244],
              [90.467372, 24.520209],
              [90.468362, 24.521885],
              [90.46625, 24.525762],
              [90.467838, 24.529981],
              [90.464701, 24.533674],
              [90.467824, 24.535987],
              [90.463859, 24.538711],
              [90.464151, 24.540467],
              [90.468464, 24.541054],
              [90.470313, 24.545013],
              [90.477577, 24.544997],
              [90.48007, 24.547121],
              [90.484051, 24.544724],
              [90.484757, 24.543168],
              [90.482464, 24.5422],
              [90.483566, 24.541113],
              [90.482922, 24.536924],
              [90.484057, 24.533523],
              [90.486066, 24.531929],
              [90.490404, 24.530325],
              [90.491651, 24.525191],
              [90.495322, 24.525252],
              [90.500286, 24.521697],
              [90.500947, 24.518586],
              [90.504936, 24.519225],
              [90.506943, 24.51752],
              [90.508167, 24.517625],
              [90.509812, 24.519137],
              [90.508972, 24.521982],
              [90.512485, 24.522453],
              [90.514305, 24.523711],
              [90.515404, 24.521576],
              [90.518678, 24.520989],
              [90.529297, 24.521208],
              [90.534493, 24.517107],
              [90.542255, 24.512855],
              [90.543687, 24.513118],
              [90.540661, 24.519977],
              [90.538146, 24.523238],
              [90.53315, 24.528421],
              [90.529768, 24.530161],
              [90.52206, 24.541212],
              [90.519972, 24.54299],
              [90.517527, 24.543502],
              [90.51484, 24.555073],
              [90.514385, 24.579556],
              [90.515917, 24.579601],
              [90.518245, 24.582741],
              [90.519163, 24.585483],
              [90.518973, 24.58794],
              [90.516625, 24.59467],
              [90.514925, 24.595009],
              [90.513756, 24.600107],
              [90.509827, 24.606876],
              [90.503994, 24.613951],
              [90.504668, 24.614563],
              [90.504129, 24.615159],
              [90.498059, 24.619693],
              [90.499885, 24.622471],
              [90.488906, 24.624753],
              [90.472172, 24.630473],
              [90.464324, 24.635447],
              [90.463069, 24.637608],
              [90.460693, 24.638319],
              [90.456191, 24.644623],
              [90.455014, 24.64425],
              [90.454584, 24.645118],
              [90.452962, 24.645304],
              [90.45273, 24.646637],
              [90.451599, 24.647259],
              [90.445044, 24.647028],
              [90.444799, 24.650749],
              [90.436828, 24.651743],
              [90.423355, 24.654889],
              [90.419547, 24.656204],
              [90.418822, 24.657254],
              [90.41756, 24.656108],
              [90.416443, 24.656349],
              [90.416633, 24.65812],
              [90.41526, 24.659574],
              [90.406463, 24.665561],
              [90.400066, 24.66789],
              [90.397773, 24.667932],
              [90.396887, 24.66523],
              [90.395899, 24.66462],
              [90.39224, 24.668272],
              [90.384253, 24.667279],
              [90.379628, 24.667616],
              [90.376983, 24.668778],
              [90.37584, 24.670228],
              [90.375088, 24.669614],
              [90.373745, 24.670159],
              [90.37205, 24.672189],
              [90.365647, 24.674087],
              [90.363481, 24.675569],
              [90.363762, 24.677303],
              [90.363131, 24.678063]
            ]
          ]
        ]
      }
    },
    {
      "type": "Feature",
      "properties": { "pcode": "BD45614000" },
      "geometry": {
        "type": "MultiPolygon",
        "coordinates": [
          [
            [
              [90.365895, 24.801209],
              [90.361235, 24.803421],
              [90.362259, 24.804675],
              [90.355013, 24.805319],
              [90.356224, 24.803712],
              [90.355799, 24.799743],
              [90.346551, 24.800344],
              [90.343909, 24.797528],
              [90.336601, 24.796579],
              [90.333429, 24.793802],
              [90.333503, 24.791454],
              [90.334806, 24.790367],
              [90.334517, 24.787541],
              [90.33357, 24.786105],
              [90.330956, 24.78499],
              [90.331883, 24.781867],
              [90.337935, 24.781097],
              [90.339555, 24.779682],
              [90.339789, 24.778457],
              [90.337373, 24.777162],
              [90.338418, 24.771878],
              [90.345305, 24.773268],
              [90.345987, 24.774079],
              [90.348086, 24.771373],
              [90.348089, 24.767679],
              [90.348997, 24.764959],
              [90.355023, 24.763475],
              [90.359708, 24.764089],
              [90.35819, 24.761239],
              [90.356704, 24.760818],
              [90.355788, 24.758549],
              [90.353552, 24.756231],
              [90.354708, 24.753903],
              [90.352544, 24.753662],
              [90.352267, 24.751905],
              [90.349835, 24.750008],
              [90.34995, 24.747959],
              [90.350997, 24.746391],
              [90.35408, 24.746995],
              [90.357694, 24.746378],
              [90.357814, 24.742907],
              [90.361234, 24.742263],
              [90.363321, 24.738166],
              [90.366576, 24.734487],
              [90.370778, 24.732599],
              [90.371305, 24.733306],
              [90.372985, 24.733203],
              [90.377255, 24.728815],
              [90.382822, 24.727001],
              [90.386752, 24.728623],
              [90.385866, 24.725335],
              [90.388531, 24.724508],
              [90.391305, 24.722137],
              [90.392116, 24.722699],
              [90.393851, 24.721575],
              [90.391583, 24.717379],
              [90.391413, 24.712001],
              [90.398071, 24.709297],
              [90.405423, 24.708334],
              [90.406767, 24.702708],
              [90.411115, 24.699851],
              [90.410829, 24.696142],
              [90.411868, 24.693978],
              [90.41664, 24.693717],
              [90.419679, 24.69475],
              [90.423904, 24.69421],
              [90.425679, 24.692814],
              [90.426637, 24.690391],
              [90.429743, 24.689386],
              [90.430376, 24.687824],
              [90.432956, 24.687677],
              [90.433961, 24.689062],
              [90.435109, 24.687255],
              [90.43994, 24.686999],
              [90.446995, 24.682939],
              [90.448531, 24.680948],
              [90.450319, 24.683941],
              [90.451903, 24.684767],
              [90.458462, 24.683519],
              [90.460933, 24.683901],
              [90.45937, 24.691097],
              [90.457093, 24.695953],
              [90.457659, 24.699921],
              [90.453189, 24.704468],
              [90.452992, 24.708064],
              [90.453669, 24.709796],
              [90.449079, 24.71411],
              [90.449557, 24.715794],
              [90.447551, 24.71835],
              [90.449154, 24.718732],
              [90.446827, 24.721713],
              [90.451622, 24.720435],
              [90.452654, 24.721443],
              [90.453147, 24.727368],
              [90.452222, 24.734598],
              [90.459427, 24.750076],
              [90.457571, 24.755839],
              [90.459345, 24.75771],
              [90.462752, 24.755053],
              [90.470512, 24.751672],
              [90.47036, 24.753589],
              [90.468544, 24.75457],
              [90.466167, 24.759065],
              [90.465855, 24.766819],
              [90.464815, 24.767596],
              [90.465332, 24.768336],
              [90.467746, 24.768728],
              [90.468558, 24.771366],
              [90.464412, 24.772975],
              [90.452551, 24.775396],
              [90.448942, 24.772767],
              [90.445706, 24.775127],
              [90.440628, 24.775978],
              [90.435277, 24.775628],
              [90.433277, 24.77301],
              [90.427976, 24.776836],
              [90.416751, 24.782271],
              [90.420979, 24.788459],
              [90.415173, 24.791762],
              [90.40094, 24.796064],
              [90.388835, 24.797469],
              [90.3882, 24.79642],
              [90.389304, 24.795153],
              [90.387996, 24.79447],
              [90.390369, 24.794067],
              [90.38823, 24.793133],
              [90.391793, 24.793666],
              [90.391751, 24.792654],
              [90.388146, 24.791471],
              [90.382141, 24.794666],
              [90.380633, 24.792863],
              [90.372974, 24.79971],
              [90.368785, 24.801927],
              [90.365895, 24.801209]
            ]
          ]
        ]
      }
    }
  ]
}
